Temperature,Salinity,Pressure,Corrosion
14.36350297,30.57842677,488.4233639,1.204364443
28.76785766,39.6910263,56.24957607,3.63322224
23.29984855,38.83785885,211.8516657,2.74504185
19.9664621,39.27752283,21.97031291,2.172454448
8.900466011,39.94907823,370.2121563,1.443149911
8.899863008,31.73895249,459.1201995,1.208983355
6.452090304,33.96242019,140.7386274,0.790122891
26.65440364,37.58238476,429.3124967,2.655392971
20.02787529,36.96020618,146.816897,2.751173083
22.70181444,31.53895906,455.4743107,3.015176003
5.514612357,38.15833125,377.2269899,1.401294828
29.2477463,32.24440572,402.6484816,2.954860393
25.81106602,32.23817615,9.985271245,2.695407522
10.30847777,35.36974423,481.4423682,1.595946715
9.54562418,35.92939935,363.608825,1.670322052
9.585112746,35.80086208,153.0707966,1.583438861
12.60605607,30.91486837,414.8679378,1.351377793
18.11891079,38.77460863,141.479078,2.403806654
15.79862547,32.65600043,436.5041659,2.125945709
12.2807285,31.29514921,57.17761482,1.816012752
20.29632237,38.8874808,352.1393028,2.919274827
8.487346516,39.55651498,270.8085398,1.756528614
12.30361621,38.62127617,49.17070063,1.769005706
14.15904608,38.09516075,121.7050203,2.362499836
16.40174961,36.55241981,7.189614102,2.152166534
24.62939903,35.50857371,234.9152148,2.65534676
9.991844554,30.8698676,151.3313651,1.597201446
17.85586096,34.08453213,299.5803847,2.406820814
19.81036422,33.72688517,149.321666,2.166975245
6.161260318,32.59753784,150.6596366,0.735331789
20.1886213,37.23420114,371.8534062,2.71331849
9.263103092,34.95875735,25.02327515,1.38356219
6.626289825,30.81046216,451.5446026,1.045959009
28.72213843,32.20183202,426.2796733,3.34668482
29.14080083,36.83258764,334.2345369,3.990660883
25.2099337,30.76130859,297.0175635,3.086877465
12.61534423,38.51206914,446.2589466,2.025304968
7.44180285,34.95146527,93.47975958,1.37873354
22.10582566,34.80586577,40.40561193,2.219168427
16.00381234,35.92407785,120.5155748,2.134067966
8.050955871,38.24680966,397.4945611,2.016822193
17.37942275,33.47809208,18.3004631,1.913430279
5.859713028,36.78016153,291.8206107,0.874446443
27.73301005,35.65731964,497.7233206,3.167248918
11.46949954,32.6702827,427.9923508,1.22541729
21.56305711,38.78629986,261.2013988,2.548639768
12.7927769,37.97426022,32.75681373,1.641063615
18.00170053,36.58451835,415.8553837,1.973500494
18.66775698,38.50581729,299.8902756,2.504544138
9.621361388,38.67294201,58.35156553,1.753489111
29.23961569,37.08362977,47.83478513,3.087580533
24.37832058,38.37013328,454.9037829,3.597422728
28.48747354,36.97471462,334.9309312,3.576033114
27.37068376,36.80140772,414.8141129,3.651566931
19.94749947,36.18611378,439.6104712,2.384357443
28.04685588,37.5271664,286.3144037,3.638405614
7.212312551,31.58605105,259.2057295,0.66040344
9.89957156,38.80870759,215.7832778,1.863205362
6.130682223,38.71843528,159.1563473,1.237966899
13.13325827,30.29247283,217.8633845,1.660703464
14.71693224,38.25816751,387.1659482,1.783353129
11.78372579,31.28869867,301.3597921,1.182813394
25.71843773,33.35118854,446.3691217,3.199603164
13.91883317,37.43508256,222.2466272,1.648103294
12.02336274,31.60759896,303.9376998,1.631493897
18.56740208,38.17967024,316.022469,2.07144055
8.523105624,38.32134178,296.256884,1.728805294
25.05492452,35.07467734,351.6142528,2.623123388
6.863766092,30.06385872,119.4793007,0.972846114
29.67217342,32.87038133,256.669525,3.484607388
24.30611923,36.16926918,53.0081766,2.614394862
9.967892038,39.81186178,192.8711525,1.816272776
5.138052928,36.31813527,244.3458672,1.087864606
25.38653571,32.59803581,326.4599055,2.727979695
22.6714336,36.34005703,475.3149952,2.577084241
23.2251792,35.3998538,300.7248822,2.211932281
24.28175867,37.79845395,372.0533642,3.166867198
6.851116293,31.06980639,253.6267637,0.453821436
13.96164321,37.61027903,317.4179117,2.021837425
7.896726488,35.41266579,36.39517585,1.057315998
26.57758565,39.62992004,127.9413988,3.464815036
20.58245317,33.41872166,181.5646935,2.287197034
13.27245062,36.32621893,236.7741841,1.720955702
6.588958757,39.32028106,23.77872401,1.414207439
12.77455804,31.02509728,70.87202468,1.522511027
13.12958305,39.37228487,139.1303396,2.003831443
23.24015446,36.87885722,485.7948128,3.109482927
20.93893678,30.67837059,166.3421565,1.808158586
27.18031856,33.00963567,241.538488,3.274166425
16.80537313,37.08172089,98.85275866,2.325637312
7.989856148,30.67350601,305.7792555,0.738392542
22.83111968,35.8217046,141.0609245,2.629350455
24.01962622,33.45883057,104.2892966,2.673103549
19.03192994,36.20915518,258.7697416,2.360533525
24.2741795,30.45742034,3.747393781,2.610167591
17.34488991,38.71536806,4.824352292,2.659926542
18.06832073,39.73488969,110.3153357,2.731111181
15.68852546,39.68877855,19.32395989,1.727134633
5.635478169,37.49651832,54.90485131,1.210294093
7.697285675,31.3008624,170.091464,1.376344353
5.785729642,37.58263196,401.4902541,1.332339183
20.91026028,30.24586916,286.452273,2.631686688
12.85889953,30.22123552,256.8211953,2.086890397
17.71426728,33.23610219,147.4509228,2.3719171
27.68916185,34.8864319,465.945106,3.378849849
11.23230573,37.70407418,199.1105056,1.979363014
15.25957308,36.83295377,44.45929063,1.991147928
23.88877846,34.45902706,308.9161915,2.831305145
10.71995414,32.73626666,57.80535834,1.190134093
6.924497746,39.971245,173.2663483,1.804516144
12.24378632,34.26181302,254.1985574,1.3768869
9.030532181,34.51387024,437.2370398,1.864922505
28.24244131,31.63623821,247.2797436,3.237502088
25.20300949,37.94809549,351.4271242,2.73147437
20.83509391,36.93682226,496.4156027,2.846700031
26.78651475,32.20769613,66.61307083,2.250181802
25.09180192,30.82381046,138.0910312,2.864915573
9.664251472,36.80499302,197.8934617,1.729037911
27.31397496,36.54511214,211.4922611,3.044539384
18.48355605,32.73259527,206.0995166,2.182946373
25.18600388,39.50863562,453.8978903,3.865075281
27.4022825,31.51057892,357.3022896,2.900531266
12.95008687,34.32334801,304.3447018,1.4035231
7.751298113,39.4361592,155.3769862,1.826972222
10.69837906,34.19727317,412.0714017,2.13236036
15.67769472,36.38525948,477.5751952,2.184775682
25.45036915,33.97594398,410.777943,3.310508933
26.51826458,32.74215202,1.780987491,3.250114265
5.173803263,39.83977648,318.5642837,1.00375296
17.76868256,34.09334006,26.51655534,1.907048724
15.43527508,38.94099204,129.5460029,2.482459402
10.55269526,32.29954606,30.70282547,1.748949463
7.996634183,32.13104704,302.293931,1.284073931
13.44037929,30.31134083,343.6083668,1.325311784
28.5727426,36.51666825,58.12933139,3.866137609
13.0800733,33.68526344,192.5356026,1.487093971
17.96976554,38.6435825,228.662018,2.300792291
22.57547397,34.73209907,185.1574579,2.747279367
14.09074006,39.68193428,61.39147524,2.447961521
29.29455207,31.85525516,210.0549473,3.441285168
29.06118237,38.68623168,375.8378459,3.710655332
11.2945574,37.76596853,36.4328246,1.732804074
17.43121265,37.70921845,41.00982703,2.219988438
12.52195775,38.44783228,178.0308746,1.988891617
12.12101236,37.61023991,470.9211301,1.12705271
5.922173684,36.26220322,334.6177507,1.041501104
20.23910835,31.31244878,339.6563084,2.389604946
17.56697558,30.32526179,181.5980754,1.576302398
6.286968781,39.20847848,297.2367348,1.411483102
11.96616161,36.16650315,6.05546083,1.504474619
27.70664715,37.96537291,318.4119272,3.912628971
10.98904727,34.81522352,456.7301868,2.097783851
8.622371802,31.17308189,306.6741607,0.992333622
17.23631901,31.25185792,436.9755981,2.01730822
29.64126135,36.85565287,362.2625547,3.523702724
11.05138179,34.30305895,61.15864979,1.273219545
21.80338869,32.00524727,451.3242003,2.622617764
24.04049038,34.91594547,34.15547833,2.497286367
10.9409386,30.64208937,267.4497688,0.97858555
23.20540872,35.81971402,71.92642477,2.892150089
14.19457832,32.68993404,6.841598755,1.804081146
20.80764576,37.97559101,211.5950958,2.401893884
20.83824277,33.10361959,148.2253131,2.639571479
18.3943671,34.55220149,243.5142464,2.057177526
7.257244251,30.1162054,289.0227435,1.009842575
25.88256239,30.72446888,22.82579708,2.939842722
13.01950162,33.92493556,62.37864427,1.577149431
9.66296276,34.79938835,279.7625558,1.540416182
6.019378539,36.00020548,172.2405092,0.890986427
19.77232358,32.91662579,364.8575703,2.304399395
21.93910905,36.94981886,326.4935326,2.700737722
5.414695723,38.60122397,422.9565771,1.016882493
17.80232646,37.79850989,346.5539205,2.348249789
10.66239438,30.39618825,215.5356076,0.787078102
21.12931976,34.80506947,336.8103446,2.432091435
9.359160725,31.04930178,138.415206,1.029973054
22.27344345,32.42045016,153.8504359,2.406285083
14.66838366,39.86662593,394.7035948,2.142919163
28.41824972,31.42495543,223.7633387,3.06427209
8.438023604,34.98888153,399.3917899,1.494621725
13.52665878,36.18155734,411.3887645,2.187640186
7.836838031,37.02464971,428.9236065,1.212295461
28.11734046,35.59648683,458.4009827,3.017645559
26.93348383,30.09770847,216.061625,2.551498233
11.44854069,33.26461308,160.1145423,1.299828055
21.49960115,35.17711643,291.5171746,2.506845066
25.43055501,30.87866499,186.2150393,2.506944387
18.88002029,33.50626931,300.9360092,1.882795437
18.24126446,30.33203109,353.0873455,1.938282362
11.04630727,30.78578497,344.5141042,1.428451951
7.327569195,33.96923276,187.9018906,1.26152528
27.43039395,31.32715754,84.26324065,2.742148913
27.51045143,35.67540848,215.8341399,3.076680228
20.82753643,36.89464969,72.1544779,2.243400811
13.47574478,38.00586699,445.1584206,2.018862224
13.73023937,32.00150244,173.5928529,1.363213832
23.14889197,31.67482582,78.07541386,2.667453476
27.4277565,31.0456784,13.69843219,2.323995776
27.17716061,36.3643025,323.2653708,3.147521906
24.49688865,37.06475726,318.8142564,3.110512995
21.05079115,30.31586145,170.9614791,2.319350219
7.103499125,39.36212246,36.78423253,2.062605188
9.040717852,30.51971284,205.4048186,1.195546781
27.46385471,35.41296335,156.29753,2.851812962
20.16072649,37.09060519,338.8831992,2.569252172
5.22992629,38.70969124,303.2838455,0.635092151
7.536788572,37.14086932,182.9322704,1.235855471
21.58754423,38.01728083,109.7283846,2.422412777
5.126539596,33.39450193,494.0299471,1.261858049
9.020201285,38.14825114,227.546809,1.316190945
18.71834473,30.80114846,344.4488437,2.106933481
22.29737994,38.94816656,71.13593082,2.579893872
21.29903149,35.47592376,243.3092601,3.10485631
10.60673274,38.1729777,14.74082321,1.438166678
22.80448053,34.52318285,253.2221038,3.240832298
10.93122719,36.43577695,482.0446862,1.958026375
13.13499245,35.26402661,192.7191498,1.875527106
23.66228513,37.31589522,20.45901027,2.91071966
21.24082248,30.81629982,16.44693967,2.349106835
26.23058526,30.60352084,194.6053932,2.230082428
21.44032231,32.47103234,80.8524433,2.282191988
19.20771508,31.5954468,12.65269607,2.318264525
7.341869196,38.71783567,378.3505934,1.402431782
14.19289508,32.19213987,229.8029814,1.280087975
11.63005919,39.75865256,145.3331412,1.76573072
11.09974108,33.36895792,450.1415083,2.072571351
29.32526387,31.82117916,58.95334114,3.484976467
14.82744312,37.89698507,478.0034956,2.155841047
27.30116388,36.58707776,157.669392,3.481586692
20.77846565,34.98195716,444.3134325,2.496995971
24.87028259,35.55363551,301.8684954,2.462329743
17.56592733,37.19201778,413.5269725,2.103464249
19.42259712,32.28454741,492.0225684,2.829211934
17.31294235,39.96333916,144.9143135,2.277567362
9.881074695,39.74793162,480.6066072,1.700639098
23.06130288,36.50325686,195.3514656,2.696864342
12.01930906,31.99542451,193.3704405,2.027475266
5.607899161,36.80228242,170.853165,1.531965232
21.1368074,30.72198409,271.1623961,3.00884215
9.427766985,30.30652502,77.91837655,1.007195512
28.51146461,32.57682889,277.3020312,3.265173205
28.84821443,34.62622957,271.3107014,2.854642444
27.87160976,38.68272505,381.1890045,3.912818996
14.25396751,37.2716907,416.991331,1.704990023
5.386415413,37.42706521,220.7802338,1.143264525
28.20796406,34.25493334,151.8642914,2.838131398
15.70460371,33.45934993,130.4081138,1.689818813
29.16637048,33.71038763,98.11729452,2.957883284
29.09049943,39.87649564,29.76614352,3.293242155
26.32523639,30.40109191,171.8815414,2.634629131
12.3612223,38.67031496,135.8535984,1.630931076
14.62744322,35.78675409,483.2422755,2.301550274
26.27841679,34.38615419,279.2967043,2.71318584
12.92305013,37.2525766,174.2912425,1.86608883
9.237318667,34.86668941,290.6533329,1.735627687
18.92003156,38.73423238,70.45915397,2.26783238
28.40386935,39.00701864,222.5778309,3.244498053
22.40074492,34.21720927,313.4909264,2.596369968
19.25152925,32.76827797,244.9600181,2.597811333
7.429412344,35.92350329,201.4876215,1.255939436
20.37518067,39.12363346,496.9303461,2.640647561
29.75134625,32.10662189,440.2770663,3.503614185
8.502100381,36.22966584,312.0795731,1.044892409
17.95824131,36.3156022,285.1193032,2.516418683
26.9343268,37.33113022,310.7095794,3.39577311
23.51921544,31.31567685,101.4547418,2.433937154
22.42539352,37.15824965,198.1737339,2.505809899
22.5621021,39.09032521,20.69030691,2.512914284
13.98727878,31.79683109,238.2974727,1.826010307
12.33979611,32.37543325,271.9692674,1.915276995
25.23402889,39.71395094,114.6471183,2.933078608
25.25283487,31.80976953,482.0503947,3.052160109
26.67680796,38.54385093,454.8178509,2.7540211
27.83101381,34.92277856,361.3494745,3.092376665
17.78355997,32.47231074,267.1599278,2.084080756
17.53790737,38.70749901,435.1146107,2.191664905
24.95737947,34.45305255,66.19551957,2.528383359
21.24909827,35.14817354,395.4643873,2.437563768
22.54917193,33.59233369,63.28558617,2.611681427
24.89481674,35.92950851,397.3111206,2.986260891
27.25013355,31.63523873,138.6080166,2.262456866
13.44987892,33.91081537,438.6681999,1.181499652
14.38957382,39.69412322,472.0770048,2.035489429
7.349548496,32.58133433,75.24918873,1.096799073
19.45700352,36.56736665,231.8751269,1.623601733
5.898556845,33.25190064,490.5127017,0.905634952
16.63995045,37.73473126,242.2203106,2.071814344
18.56611587,31.30873661,431.9102137,2.612351795
12.1635313,39.69821045,294.7770295,1.790992561
19.77083151,34.53789541,188.2896241,2.470866367
5.762506248,32.36050463,143.6059942,0.866302933
5.933704719,30.73496747,102.4083225,0.1
25.56501402,31.69757905,381.1372975,3.120258105
14.00476604,35.19773949,193.8837129,1.879771323
8.176512816,33.37003176,256.1264556,1.324543627
18.0560815,38.28883366,246.6704145,3.579103289
24.24983883,34.30887524,289.0622356,2.217571818
10.39552569,32.48714273,432.9229957,1.955627135
20.5722619,36.17144987,490.3889324,2.58260583
7.133686625,37.06777217,204.3845201,1.312995139
6.292043029,31.67041908,413.9319421,0.963884492
18.28386579,31.67619216,382.4993695,2.034021909
18.51587804,30.36671427,287.1909468,1.90041605
20.93574754,37.36402015,478.0675247,2.857509081
23.15228334,36.63804528,101.0367832,2.300343818
29.39630199,34.74630876,55.52284094,3.487727744
17.90750871,38.44170449,427.1270215,2.359388222
13.07391182,38.05670153,220.1357585,1.539120274
24.87965487,35.85354364,423.6374582,2.915304478
11.77080628,38.68271281,446.6520124,2.269533977
15.97428552,32.0584121,32.16633922,1.613678737
6.961409534,31.11919619,441.8489167,1.138408244
5.633768585,32.69749612,224.7112086,0.649167323
29.06621037,30.57086856,255.705812,3.348240863
25.89950301,35.31169528,313.669663,3.275869156
22.39935515,39.36605692,463.2649208,3.552300409
15.22382361,30.39343541,10.53893112,1.55250135
9.332358002,31.22109914,238.9448907,1.372206581
8.910926067,34.52199028,344.1732992,1.376545969
11.25607245,39.33875018,361.6307719,2.219968612
18.73066662,33.16156105,346.5736833,2.046628777
22.86489807,35.07234809,68.08312957,2.855497307
21.50493442,30.41572859,150.3983986,2.245916819
11.99834742,31.48343201,179.9990472,1.40259635
28.87163202,39.86630123,402.4141666,3.667058029
23.44742292,39.65118696,140.1011763,3.030871284
18.85885131,30.04939981,106.141777,1.964404234
20.29301866,39.51811785,478.7665615,2.866851931
15.49000156,36.39119938,5.422779272,2.402553869
11.19327474,38.67918295,498.912607,2.156224767
13.89931697,34.54739856,338.7338281,2.105261853
23.94615276,35.15596029,414.4061804,2.78080146
5.359837216,34.8884658,148.0150788,0.64548924
7.901816013,36.66864258,8.143323556,1.472122496
6.150066051,31.39651255,369.1968898,1.190091652
6.018220058,30.2997359,417.2381539,1.325076018
26.3865146,33.07929942,370.4975898,2.854517975
22.59144648,37.04680763,72.28229336,2.636608517
16.85434573,32.01853452,376.9605332,1.540843254
7.445854016,36.73432433,384.6924683,1.213753458
17.29039688,39.69912046,329.6117173,2.73561966
16.83679427,30.93900716,383.2918505,1.840174033
9.330046748,36.72602118,423.1147984,1.730854009
15.84629123,34.43750219,307.188453,1.960794465
14.96261836,38.68142254,45.21375227,2.108003885
20.39625245,31.77149789,244.326277,1.963902799
20.87734127,36.92625952,39.747018,2.537330384
6.132600244,38.3811529,204.3639725,0.295005801
14.36531537,39.44614219,204.1461381,2.012689805
20.64649789,36.83248028,33.93891223,1.991948224
17.57840646,34.97174764,175.0614465,2.513604044
26.41224603,36.1784724,56.3880513,3.269411392
21.46734079,38.68904984,404.3093698,2.981189488
9.073360677,35.70609747,473.896325,1.943737909
6.764218685,30.3038706,37.08592115,0.48333034
21.06048196,39.30948696,477.6024884,3.392379684
5.662782764,36.89526751,261.7657231,1.37942892
19.64438953,36.76513386,150.4832733,2.364817634
28.50575604,32.15675152,39.35417556,3.376623249
19.38685445,36.5888547,250.8115098,2.119492818
14.70424816,33.93864406,397.4632567,1.676581335
21.08220546,36.51232977,353.8361522,2.486025131
16.45632226,31.0659303,26.06277972,1.611113756
18.64041973,36.57845305,37.37801585,1.952533278
28.53662022,39.99413726,202.033768,3.879157626
14.65256595,30.48212039,148.3499565,1.543728209
29.0297641,39.77174184,116.9597772,3.613641818
27.63376605,34.06907961,141.221245,2.924182735
9.89477837,38.7075345,401.9378889,1.137489454
6.734032522,37.82385484,464.6847988,1.435802538
7.519450034,35.67016261,203.1462446,0.621196701
5.455545641,37.38449209,453.1493901,1.178610587
7.361074019,38.78515561,161.4263549,0.903430786
22.07516934,34.04140322,238.7420562,3.182987859
6.779716212,33.27033162,113.7884699,1.229638191
12.97439076,36.67593386,320.597545,1.881107616
26.12188277,38.07845942,489.5115765,3.697825977
5.581798393,37.62285135,302.1430549,0.894346078
25.36171206,37.97813649,179.549228,3.245743396
12.04636937,34.35583315,324.2609055,1.702349114
7.954120691,38.17834216,62.33741855,1.372550848
22.41842913,31.20209055,444.4408811,2.963720869
20.72357117,35.44489098,252.0388914,2.74821568
26.93680034,30.0575866,225.2255213,2.953636161
23.3767761,33.2458583,293.3465294,2.208024495
25.08702326,33.66461535,312.7671475,2.618149716
12.05086431,33.96172692,36.81612731,1.442615098
9.435988594,36.95467207,341.6259934,1.548004109
23.76536879,33.88558101,121.7239085,2.350463704
25.17086848,34.48693623,357.2623636,3.701414781
29.76262855,32.37544131,411.4448624,3.813522505
15.31544192,33.73251792,402.1752953,2.157740169
14.30045214,32.27269627,276.6979827,1.761487015
24.41032402,30.73195924,260.5647763,2.602096998
13.52008851,36.03448593,72.29510471,1.462152099
28.26893314,36.68212799,387.8977291,3.436039671
26.4603188,36.19490346,136.4332808,3.159166392
15.72485068,34.63494044,248.851016,1.613976363
23.77177669,33.7978578,142.8527724,2.796596808
23.86357185,38.6333365,67.78035314,2.863183409
7.578096721,35.19081785,315.1492907,0.66042988
27.56382267,34.79181878,28.11168538,2.809760482
17.63130931,30.25642066,374.5739718,1.897004227
25.66143665,33.41247828,159.4758108,3.440658719
13.00124003,33.80195619,1.067211809,1.715568292
27.38808071,33.98822781,256.0534405,2.723448648
14.73004197,35.80172369,24.37910236,1.978937757
5.270941287,35.33602547,138.8086094,0.456955447
27.63454941,36.07905093,353.7812672,3.626952374
7.28216692,37.64883262,32.28212119,1.043308925
12.98284094,38.12985739,419.8299077,1.944447998
28.75154918,37.18123076,2.906141407,3.691255458
28.76517867,39.55523696,124.1651107,3.088060137
19.3359472,30.18232583,370.711124,1.766778055
20.7959303,31.95777986,158.8188047,2.139658565
16.21113805,30.07562875,51.84430164,2.020177986
12.33026929,36.47474714,180.7567255,1.249185764
13.21661363,38.98030549,135.9262499,1.046840021
21.8129614,32.43482297,421.5132392,2.436293188
23.80936324,39.27034545,157.3606109,3.146503079
24.78947609,30.6026739,394.6773034,3.124345418
24.74045357,39.34436027,446.0442003,3.083183999
7.280152576,33.51622687,217.4748924,0.946983002
17.36050762,31.01420828,455.0616288,2.418309148
6.438969,34.85871759,189.2817089,0.478398061
18.73822206,32.56776568,482.0751298,2.184538759
16.03826253,32.84872902,45.55547274,1.884014545
27.19260457,33.07289965,343.822614,3.2374293
13.77287531,38.03025898,247.4132062,1.807412013
7.926675411,35.39161277,194.4367539,1.227645797
8.574792051,33.11307699,316.7232275,0.4828434
24.03776579,36.10333783,352.2246887,2.745428229
20.45545158,37.16150674,3.177271556,2.599108682
7.528066903,32.72624001,84.30959128,0.694432213
7.102670153,34.13549102,356.8099793,1.170988759
22.52422829,31.21886093,333.5263214,2.672037723
6.819075159,31.8114935,483.0577051,0.96909322
25.54650148,36.81117854,380.7578573,3.194574072
22.65605568,31.81438348,475.4355812,2.3630697
7.033719516,35.25163384,351.5677103,1.137601052
7.120942852,37.09046262,149.7280521,1.38239323
29.66598946,31.06876923,53.5770962,3.151764781
14.35676989,35.6731222,391.1301078,1.796785709
14.26605368,32.56562784,322.4304615,1.841213849
25.31998918,39.62926875,25.04482018,3.29821464
28.68121443,34.83545647,180.6651825,2.643091412
29.6500266,38.0599255,478.4431079,4.012789645
23.83445463,35.50226542,250.7001717,2.740879336
14.40648964,30.43412533,216.9318389,1.756315067
7.087517917,36.33151376,229.392103,1.557044545
24.4286729,39.51403342,105.2324793,2.617530029
18.96010624,36.0161182,184.9848783,2.13432361
15.60555023,38.19188859,185.5368147,2.034200189
27.65885963,38.84206463,27.12515507,3.044272653
7.779937058,32.28079772,384.0162466,1.662369625
17.31562761,32.1204484,208.8357115,1.742818345
5.283841119,36.10980989,411.2677635,0.930691391
16.71651605,34.1102847,425.3236526,2.208991313
6.407581892,38.39861303,106.7850333,0.811283437
7.970447907,39.00023123,329.0193876,1.35070877
7.938156169,33.53421379,236.6686203,1.241943532
21.23025755,32.36870559,440.1982122,2.419548957
23.65112198,37.80525515,108.6545989,2.839533135
19.58421913,32.74806036,339.228787,2.164486627
29.05431371,38.22614319,304.268309,3.072378529
14.37176449,34.23738254,148.3554373,1.877548195
12.14280216,36.67549899,69.16385092,2.166963949
26.7149782,30.95535314,326.1682405,2.945717024
10.58989596,36.23859325,369.5601316,1.681125497
29.08056349,34.51767679,158.4980445,3.478852974
5.303861867,35.86608463,322.7714694,0.662123941
29.24697067,31.68014208,198.1703229,3.676390667
6.078997799,37.36873745,356.8902348,1.273327346
27.27857784,38.62797078,100.4084222,3.756864541
18.19252773,32.167398,445.2172863,1.988168354
29.8241199,30.95714556,144.4173886,3.705743476
6.844914118,30.23638586,184.5252079,1.078966894
18.84635711,36.419715,29.98788409,2.444374366
29.23256339,36.07094036,56.64459395,3.383179928
18.0774461,35.46697413,258.4150895,2.193589213
20.73496595,32.31947096,134.5287457,2.674740951
22.39371722,33.90905996,417.9046326,2.743731935
16.36352662,35.94476335,8.332000939,1.405482856
20.688952,34.96766859,190.1679303,2.135053593
19.6078578,39.8778552,169.3354278,2.541439465
27.52895026,31.36439753,10.64448783,2.977283779
6.136159509,36.95144554,63.0598311,1.033588534
12.02407974,34.04318768,207.4076948,1.93180938
28.7602871,34.28199615,246.9394276,2.686114609
27.2565946,37.17597766,202.7405839,3.286751953
16.39141882,36.92436151,265.9379015,1.630782078
20.50331495,39.91255994,297.9707058,2.98070547
11.93452957,31.28394289,5.951986743,1.290135418
9.703028993,31.04109649,232.5834846,1.322379395
16.59246012,37.24338817,481.7861212,2.060990531
13.8338057,35.78386917,259.9971078,2.244258999
19.5914028,32.74160667,339.0935915,2.636131745
6.943365924,30.79419369,156.6200651,1.045266538
29.35987019,30.8565825,387.2216977,3.191418756
29.65526861,38.94190875,386.6878195,3.837770331
22.45404285,31.91867325,261.1267278,2.317680478
18.40240916,33.23371562,488.0308978,2.560455781
12.73819041,32.26656402,63.64955717,1.971663226
25.34487549,33.54996306,9.45688478,3.09574425
22.11827931,30.69423843,385.3089477,2.278160523
9.065423484,35.19059791,403.7706131,1.534229683
27.77317961,30.67612564,60.98340733,2.511520421
25.56343107,38.00356508,133.5258336,3.252848309
28.74499783,32.33712082,9.75862932,3.1892631
23.14298771,35.40011915,147.3609968,2.154887262
20.3353799,38.80079088,386.7977951,2.376288215
15.45607591,36.50877369,259.4623033,1.973682695
28.31821208,35.32957787,174.699701,3.153238965
26.65159724,33.24333753,186.4979082,2.615579411
6.130466753,33.33001913,1.675459232,0.954925917
5.659174362,36.69486955,150.6004633,1.109250165
14.41158417,39.94139361,323.5829121,2.099585751
25.26383327,36.6183919,487.1230275,2.931973923
29.68190323,35.57783417,423.6833527,3.831382783
8.760422278,37.3065051,12.77388736,1.802223498
19.85326788,34.65205612,449.3817417,2.355398957
14.52227142,30.60142343,391.8160082,1.552403179
29.24785995,35.62296816,390.4076857,3.606347482
26.05297308,39.57625285,229.5398837,3.149318015
25.95821762,31.75302942,199.6046412,2.799303331
16.71732899,36.90004891,152.1549487,2.372555702
15.37048756,32.00933689,33.78173462,1.139446578
11.8351768,35.35827684,114.8894464,1.96221388
6.409387416,30.9667645,124.0552139,0.830955668
26.61805941,34.50370936,242.5544578,2.942667631
25.32252523,37.56163329,373.9747589,3.128398258
29.99294183,33.47571524,237.4311044,3.338371241
29.91592093,36.64911724,29.86438027,2.877466691
18.88579264,37.95449961,478.9371107,3.032101205
24.22468538,39.27177819,471.4194352,3.192011792
28.61914325,32.34642082,392.809582,3.366387733
26.24118477,33.99315916,495.6726229,3.414924614
11.18370254,31.52416013,272.6966841,1.082424803
16.26360338,39.92483502,481.4214068,2.5632013
8.228985379,39.27000968,38.72691527,1.283317089
28.85127568,35.3995713,183.4746934,3.55872165
20.15436586,38.42033294,113.4652527,1.912864571
10.71607014,35.20957977,98.72070898,1.409565004
21.79251711,36.23585688,71.2606715,2.403675631
20.45320601,30.89124432,311.5844071,2.433200843
13.95406795,37.5527042,390.879606,2.167342002
7.838939805,31.27713484,289.5709013,0.838095342
21.78932989,38.2606763,74.33439208,2.473328778
18.00769252,37.82028088,405.7507612,2.419306003
24.30795979,37.08744698,318.3413989,2.733193297
18.00408753,30.36160381,194.6946874,2.226278333
26.30453751,33.03128356,337.3910175,2.897798215
18.79767097,32.6311257,130.6925846,1.262420146
19.02344929,33.60136407,173.250912,2.114438909
26.91634007,30.87642747,458.8254357,2.711151889
15.08707166,39.36957823,145.9617483,1.618631144
8.350380711,35.53802241,235.5241458,0.91632021
5.719566908,33.05524311,445.1804276,1.037978539
23.87843139,33.96981517,354.1529538,3.21984956
20.50773878,34.47202541,32.03940986,2.442197133
22.6019942,36.00594333,74.5042191,2.473644617
10.32410404,35.15679428,4.912953795,1.48732479
8.40928689,39.19391973,315.8299733,1.378659506
5.363616642,34.96963483,224.3890393,0.746504752
13.76468897,39.92158015,68.0031506,1.618087616
19.74794217,38.51424958,479.0091264,2.172309554
14.80610113,32.08510514,265.3002022,1.658385296
15.93687305,39.30595215,121.7047538,2.225100273
27.60396736,31.16366398,250.801182,2.972840362
13.70638668,38.17449708,340.130546,1.882485654
17.84973723,33.80623293,39.04336977,1.768930173
24.59132532,38.7797432,138.0772037,3.207479089
14.91356956,38.6805669,403.67578,1.789930552
20.55216751,38.059254,230.3727703,2.864021147
26.55909272,37.90030436,273.7419939,2.944977318
28.73801559,33.04679139,216.9751851,2.966745087
8.676837023,30.80919283,22.90607138,0.53740776
28.16469063,34.02980179,83.70914013,2.967240015
17.30290733,31.73524515,223.3252777,2.279156304
11.45610971,36.94951089,105.3835472,1.758313653
16.47839391,33.46099727,25.9395353,2.185232592
29.50081438,39.75610201,421.9811824,3.863366831
17.31545235,36.40972077,490.6150721,2.024084798
13.21879026,38.22480564,396.7782941,1.890118624
20.83502136,31.32524673,427.0386759,2.187071009
11.00364047,38.62014482,121.746588,2.04926399
6.896583203,39.22757191,480.3528608,1.090023689
8.221993048,34.87061919,99.26592652,1.441319471
8.201145974,36.06252938,475.7634754,1.686855902
8.797567338,37.64809801,497.4148277,2.117602046
8.470679316,31.74838627,356.1496801,1.047503045
21.02186862,35.02566076,490.5907222,2.870308846
9.54700211,33.98663028,285.20035,2.038974388
13.64168208,31.46373992,130.5113498,1.375165313
27.41971025,33.67534422,219.0609469,2.632603572
16.84904101,30.68172309,297.1869068,1.361427636
21.68894346,30.25811907,37.46769945,2.472194695
9.30799678,31.35166289,311.549289,0.647059342
9.80722547,39.63115112,490.6077405,1.653735194
6.021715407,35.49529536,95.86371724,1.113909061
9.223376577,39.65822161,396.504963,1.716900818
11.96475848,34.32497878,454.0414981,1.825225932
9.425262107,33.11816133,471.9070948,1.458921719
7.217563344,35.06141863,480.1076666,1.65638778
8.015896778,34.39511689,261.2083597,0.924101725
16.5194692,31.05664684,488.6766461,1.803865981
10.15834296,36.40826315,378.8977934,1.351745454
14.10674653,32.16038183,81.67404668,1.866435248
17.58543177,36.19587955,238.9731531,2.515790245
22.25987072,36.50201092,359.4472565,2.924025779
5.982803496,31.52024853,124.4228176,1.149399222
24.98525997,30.61349627,320.6669766,2.393968976
20.69750974,37.80761586,333.633639,3.184962757
7.043975799,34.59800424,82.18717216,1.490209902
26.8394656,30.58163796,282.9775709,3.13305078
28.02181001,39.94866317,386.0418286,4.085021684
6.526948996,30.57780561,249.9489366,0.367419623
11.9219412,36.95035229,7.039455271,1.443743959
25.15503199,39.83678925,5.510196071,2.847353659
23.70649226,32.39180104,179.1576426,2.854108834
9.613025484,31.42249369,463.1708401,1.006817368
10.23373308,31.21384939,115.109713,1.426716117
14.26180257,33.03275148,317.5474807,2.205599352
17.11307463,31.01045811,111.8158595,2.084146105
20.45636929,36.92161342,161.5133248,2.615446506
14.22284099,30.62291798,424.1730027,1.427001434
16.5633679,35.09422128,364.7018597,1.897190432
23.68677345,39.96696854,48.60423938,3.324060501
5.917080072,38.1397027,214.9223085,1.397805935
11.31092361,36.15219438,15.55571206,1.492621017
22.83373965,33.06253621,240.9641832,2.48945694
27.38017094,36.23895836,331.5545718,2.665846874
17.79193605,35.27041464,60.13280918,1.809371953
18.30283713,34.26083384,145.1535845,2.747174861
7.679300283,31.30710377,199.5204761,0.606755721
16.18530917,38.86604215,459.8459813,2.406446899
18.31543166,34.49784649,496.6342527,2.664832746
11.06176259,31.94622512,23.4107382,0.896563021
11.73108077,33.67759351,380.7429538,1.660619309
14.43210408,34.14129753,186.4903091,2.082742037
5.501779944,38.27537896,196.8366349,1.123961993
13.05197914,37.33614381,377.3782217,2.779062069
10.28620017,37.69304894,459.2947896,1.200187019
13.1874338,30.11031264,475.5133687,1.937481193
7.994053295,34.16153998,288.9841704,1.15798083
27.26318202,34.81344152,179.2034585,3.346014991
19.83981134,30.19192277,393.9869938,2.380809852
21.97755798,32.59813209,126.2496902,2.228687325
24.72928097,37.60289823,282.4729404,3.120855333
17.46105497,31.37109706,179.9306523,1.405102178
7.173007202,35.35310131,328.6589058,1.388106426
18.42766355,32.15201872,120.9590575,2.158141296
19.67102795,30.12120775,96.60487992,2.27091061
23.63598685,32.41201458,459.2013043,3.089082501
15.79148866,39.75873755,51.80003779,2.261118651
8.18950757,38.01537112,253.472996,1.448729574
12.09439764,39.59576644,111.2055387,1.538357292
14.07705741,34.87854044,20.4260517,1.506026497
21.14793103,31.09736199,18.97339033,2.593015221
19.26945762,35.47959489,88.43566428,2.733890897
13.90241815,34.54377335,433.5184069,1.820603492
29.66288122,38.44357083,141.9568932,3.531092871
20.14437048,30.98082581,475.2791261,2.087580527
10.93066979,34.88241137,291.2295242,1.892476301
7.544561816,31.50048665,218.8704807,1.196387739
8.82147848,33.24675927,290.4643285,1.829930144
11.14894321,37.37357077,258.8324942,1.407339121
9.017034331,34.76018129,379.6293506,1.273971741
9.664175601,33.75888285,141.9655369,1.352625185
12.12737922,33.94476279,177.1721454,1.750355932
9.334339882,34.59446768,447.153057,1.379880547
27.41913562,37.85016544,473.2818001,3.167021344
7.005843642,38.92084689,446.3865555,1.692089182
18.11278474,39.55334687,210.304549,2.668285638
15.25992067,37.86903386,390.402386,1.897609661
29.55946542,33.15406896,238.6915309,3.697475533
7.800972554,36.88134706,249.2723862,1.657707352
14.94638998,34.37603124,103.1353744,1.863144133
29.23676083,32.54670622,295.9740213,3.280724701
26.63767815,38.40871579,93.88181298,3.355208779
25.42680177,30.38426349,166.4507848,2.44445476
11.44757068,39.01761992,427.6600706,1.87632448
9.272189685,34.61477465,104.3308288,0.622254989
21.7160805,36.37201477,36.5079843,2.829246411
28.23439973,36.59353922,35.43478871,2.760233299
18.91907233,38.95117741,470.4514757,3.083564726
19.29031724,36.36669682,253.9532985,2.333154123
11.99947734,36.13933585,205.2966238,1.603909681
24.23732333,30.66652041,405.6284119,2.529399325
9.676093714,35.18408022,418.077138,1.407287226
13.09198091,31.50169001,166.7633255,1.951070595
15.63591097,37.37433769,347.1154107,1.417370026
17.69025947,35.12221921,385.7902851,2.658968603
11.06024331,36.80227779,327.6706927,1.769227549
7.870920618,30.41672901,76.64594233,0.541991926
20.26550106,30.84792016,438.0656587,2.023232163
12.21576383,37.16323388,270.0081818,2.275507013
19.53095554,30.72084336,141.9537408,1.834309465
8.859067882,30.71256728,213.1888645,0.739971368
17.02850255,30.12108475,19.74797411,2.117819779
18.31473581,39.56501398,64.80553381,2.501539847
6.295588421,37.37508359,383.0078285,0.9662862
13.41510695,33.53251409,1.005805743,1.641473732
8.360366923,32.96535581,208.8663484,0.838858789
6.584374262,33.4970323,261.7325804,1.352248688
29.74900581,37.74653531,28.26257558,3.752616861
13.05884612,36.61370611,486.5660033,2.097301716
25.24686115,31.85195568,113.8365403,2.840547424
11.36601637,31.74109335,152.7951611,1.88625726
22.03756806,30.9839565,152.6673136,2.387041123
24.0056965,36.6030272,115.9779144,2.491994666
19.89096852,37.64372662,1.735437221,2.564840012
16.78940471,32.65046428,364.9430522,2.677596264
15.29602285,30.20944961,483.4559044,1.535221807
13.72170666,30.82171667,112.9224482,1.419125831
28.23822861,39.67860035,331.8605487,3.656463901
25.76548519,32.95444777,371.2062672,2.951549524
29.12567277,37.69223148,424.3642642,3.272516846
8.107430587,36.24663569,211.8919693,1.623425122
23.27168688,33.8193964,152.1625219,3.348078923
28.45851142,32.05687262,163.3222719,3.147042284
9.530826654,31.21386418,356.5980452,0.978701347
6.662406684,36.15012968,408.5729538,0.771192409
23.52801623,37.74633781,91.62536991,2.92117093
19.36182783,36.43904254,186.0995631,2.740194831
26.04571942,35.30302133,451.0681582,3.295654349
8.494309416,30.41951223,403.5400663,1.129302371
24.8816828,39.68488778,492.444343,3.099700282
10.040683,37.98714192,377.3698816,1.322308184
9.091398572,32.92822037,197.2044053,1.462425413
9.106644948,39.79970329,295.7282792,1.880492223
25.36436801,36.0188159,330.8461129,2.596928653
21.62993052,35.82422658,40.14945234,3.009077738
18.07663562,37.48073179,272.7039826,2.548120446
13.9707621,38.11769788,354.9510934,2.458161982
26.93001352,36.56478607,84.4933307,2.718695934
14.81112769,31.28095746,390.535227,1.388527946
25.41498599,33.38267506,292.3026175,2.869939805
15.97837271,39.2808364,476.1586711,2.508640692
14.42361074,32.24615612,22.16872681,2.162508427
16.56699464,33.72167024,133.3977426,2.179152459
12.53444685,34.32076883,301.1753858,1.605113374
23.6902345,34.3940499,148.9833962,2.413153818
17.56800975,36.12939582,357.4976579,2.668866704
10.80531738,39.43075838,379.743636,1.510376784
27.48936433,32.40692712,52.15546607,3.441748026
14.59728053,31.21501376,257.4133776,1.621716973
18.58882153,31.9747049,254.9363872,2.62010715
27.66180277,38.869249,185.2711043,3.563804604
20.6059499,36.45810813,466.5295064,2.63351344
7.922451018,32.85906789,413.9256536,1.044189349
28.49580309,38.15946939,348.9074816,3.387582093
20.69270133,38.61369996,357.4489912,2.865021571
13.37264037,38.46514339,231.3963558,1.95721327
8.481801817,39.18926534,460.576266,1.417635096
24.85062973,32.5224102,347.6031182,2.793142556
20.5018189,37.55041929,364.7615498,2.691503675
18.3365273,34.60539497,430.983761,1.698641068
27.34731458,38.41998553,137.7617231,3.419908967
24.71493028,37.28490677,403.728381,2.801533127
8.791871993,37.76447446,98.42506088,1.028470669
12.79305169,36.56161838,173.3256342,1.245692538
11.2122285,31.77428769,168.4696167,0.81385123
23.59865731,35.45026919,489.2842087,2.528233981
5.838310868,39.8466974,428.4120747,1.135512644
19.24724212,39.37388066,350.8837609,3.212684804
24.06146714,30.43173736,363.801324,2.509717279
26.91914092,31.64814816,281.4743244,3.026230631
13.55204372,31.31728773,473.5982429,1.835859233
25.53143262,37.2597991,248.6331177,3.137616269
7.765793424,38.1778533,190.8783372,1.315525075
26.16130729,32.13511366,82.35463313,2.463322537
8.187216558,35.05852693,393.3166205,1.761431514
14.93218226,38.40703028,367.4875221,2.697319432
24.93238414,37.32801545,192.7931642,2.509085098
8.747935684,35.42237205,13.57151357,0.903336288
10.73128488,35.9034769,419.6596665,1.552036001
23.05631421,35.08360547,6.697573744,2.33164608
23.00091341,32.97548451,352.14619,2.834575265
21.02869082,35.65021993,485.1582978,2.467324504
22.34871111,36.88885302,219.3930027,3.396374021
18.56811108,38.73322916,118.2517291,2.767609946
11.29497647,36.36291354,352.730634,1.745627788
13.64239984,37.61121537,408.7469429,2.31511704
9.53994292,31.60071635,273.6687277,1.560481538
27.71126403,34.61557474,483.5506024,3.132343132
19.58479487,30.0933162,26.78269211,1.789518407
15.02128542,32.46678865,252.8930036,1.833204332
16.55014509,37.26461715,359.5085197,2.514337401
28.68208349,39.91809951,431.4575951,3.679407179
8.833785078,30.991781,90.44855034,0.562939825
19.6557458,34.01494316,400.2017374,2.183422211
17.64721697,38.00070969,276.8008308,2.338812675
20.28635589,32.04035635,198.8802873,2.265240805
5.452754596,35.55084949,66.72579926,1.505790424
26.80309772,37.33071296,432.7825837,2.905287267
28.30295706,36.1598545,79.47933088,3.387551807
19.12832959,31.88024735,155.5841417,2.589218267
22.4162706,33.55384569,145.7327204,3.231467565
28.06248453,37.83791784,435.8356031,3.352589857
22.68096586,35.54226514,336.6787941,2.918825013
8.813476073,30.05229614,398.5440172,1.312009467
19.407209,37.6099076,125.9834815,2.500699478
20.16787616,30.35311355,312.8121757,2.219042758
15.60326678,37.45733783,286.3012456,2.264983746
23.41110589,32.0248056,416.582358,1.94881516
28.35917537,39.5807348,453.1374432,3.803990783
28.13921282,33.67940751,7.066228967,3.097125081
16.27098429,33.26931616,337.3359396,1.950336675
7.830951146,31.4888805,26.86606376,1.542877768
29.62102997,33.05604215,274.8804739,3.107712074
25.97245216,38.76650762,144.5287318,3.044759103
8.11656703,39.96334338,154.0815232,2.042177561
28.02104707,33.68309531,177.1262932,2.883051164
26.74740905,34.48610631,311.0249321,2.947371039
17.97095143,37.22070938,167.6909329,2.255715388
19.78188589,38.8619578,366.6168262,2.914662175
14.9750676,35.93044334,202.8591654,2.015646199
6.369040971,33.91525698,35.10824695,0.520280403
13.37993104,34.12621841,392.0961614,1.638548473
25.07133621,36.95618146,143.593404,2.802380004
5.115800575,30.03218264,216.9506729,0.656345149
13.33747929,36.19589337,343.0364977,2.000660882
14.95421734,33.5549301,166.8956224,1.939924714
18.43489007,37.94197331,29.23624242,1.780249205
27.99639041,30.9299064,187.5866025,3.316956896
13.65864986,35.88202267,472.2798428,2.029723632
13.67383005,34.8097289,321.2254643,2.241688733
23.4375312,36.42325526,336.0680952,3.024056366
16.30544852,30.64853594,316.5087947,2.209469871
10.61512057,35.79983787,100.2970773,1.59946302
16.3109879,35.61484588,209.7485982,2.478430047
8.521425509,35.60660094,375.7189594,1.534854206
9.409674663,36.03487667,51.58507588,1.296976201
17.45919432,36.76467937,139.6485353,2.893555021
15.47313624,38.04989,138.8832351,2.343807815
27.87114753,32.6982072,216.5774449,3.260284099
14.05984748,38.2504941,490.2040017,1.738567066
19.51470876,34.98255682,34.6837708,1.889295254
20.8066072,30.77058279,259.8317962,2.394767339
5.327361415,30.58550929,90.50297632,0.708766391
21.5884343,33.34238319,485.3675962,2.442256555
9.450899172,37.84896977,57.53844886,1.466449377
29.02675794,37.07680935,202.3969002,3.892149727
8.716568194,37.88614965,369.2046074,1.717034285
15.36560309,35.17269056,352.5726596,1.687025552
7.133741702,34.40198998,211.9415898,1.063838753
29.9218563,31.47452527,173.9155598,2.969226666
17.55487526,33.28192754,199.4085769,1.960825153
19.88462543,34.34019366,132.8738553,2.205671392
6.676911935,30.8860043,103.4611364,0.678275239
23.74901176,32.20611953,242.0368091,2.287531882
10.24763983,35.98225294,134.9983443,1.410926335
27.45135724,37.35663114,144.4433708,3.074853612
10.12849101,39.98347511,328.7212757,0.855395825
9.767193017,39.33113331,484.3001285,2.359164576
5.913741696,36.425652,302.2149631,1.448242084
16.80167363,34.21248053,39.41275407,1.855454486
19.12102833,36.36177365,38.71622331,2.313042279
6.642715986,37.85651618,475.7601872,1.001328134
24.38819042,31.18336191,149.3481044,3.13922499
16.33222087,34.0990489,46.94142606,2.48867879
18.10975673,38.39802286,299.923249,2.485693496
16.01906867,33.83832952,312.2007404,2.314829844
15.01907652,35.71872271,324.6039052,2.060578711
18.99100828,35.87769361,134.4336119,1.91703162
8.881006148,31.84476253,8.540231423,0.918908784
9.548203262,33.62235442,482.5426694,1.474634709
26.54464053,33.34511289,126.1956298,2.806300133
28.65288655,30.26196709,338.3371177,3.039806522
14.33273291,30.24191764,353.6083051,1.652600395
11.76861683,38.31697044,305.3937011,1.778990443
21.09998858,32.7307081,157.1407897,2.398629142
15.21835428,35.18078766,136.2770306,1.588678743
5.634658892,32.98725574,299.2364731,0.705189005
8.903814934,39.40679245,433.1817212,1.249783634
22.89930572,32.59296759,473.4201307,3.007480619
21.47309855,34.29656813,53.8469964,1.815214614
5.677399813,38.7273025,78.25947769,1.447158886
10.54930405,38.41933567,472.4233931,2.185860641
10.77686991,31.86101418,368.5310789,1.322196001
21.79731859,38.0264331,441.6139186,2.078766284
5.492763444,34.58186887,102.1136844,0.778880399
7.60271455,34.82968872,294.2053497,1.187450255
24.99790213,31.33479972,350.8686576,2.496632
9.463616551,30.80601514,340.3758308,1.060131746
21.3186527,37.27939307,204.6676937,3.115074267
10.95456953,34.96461152,8.682050954,1.60535364
7.486034819,34.36850703,291.8801023,0.893446587
11.07930477,37.29508229,127.2976681,1.114900612
23.0566733,37.65512899,225.6768688,2.761003955
26.3924117,31.58908168,478.8329265,2.951921621
25.75549661,36.10225149,200.1186235,3.187428241
14.92958824,31.35354082,420.0610017,1.667918289
21.70212841,37.51375086,95.08176227,2.804738075
10.12460739,36.56955156,336.5577885,2.14761036
12.32869326,39.56614621,488.5264703,2.257937115
27.40839546,30.68958016,51.84465734,2.844661268
5.325048088,30.57054721,5.151651171,0.566509791
7.137713271,32.82187075,217.3578135,0.914388768
10.19715638,32.61705684,47.22011604,1.586217749
5.663305097,32.46978799,374.4437905,0.746694708
9.535885877,39.06254581,457.3597833,1.706809519
19.57603902,32.495462,217.5764654,2.264371543
15.53561376,32.71949726,130.0971094,1.661896474
27.31679278,37.59398262,217.7672562,2.86636931
25.43608904,34.49739842,362.0004611,3.104218344
13.54543379,37.76710557,5.518026629,1.785203417
11.48558584,30.65366158,295.1375408,1.536729511
14.4923102,34.87571194,307.0325508,1.744299738
19.75737356,30.336136,319.2064352,2.576240701
11.70159102,30.62653203,121.7690179,1.057185016
20.6037227,39.06437453,357.312309,3.263706173
15.2352913,31.39245371,46.60435168,1.150009976
18.80117952,35.32420682,100.4358979,2.384824199
15.90316323,34.11095603,438.8575533,2.215769043
12.36164399,33.47343326,369.6228522,1.413827305
28.71133267,38.99833346,7.859031452,3.510144575
24.09014485,30.21823397,124.9397539,2.924098599
8.502829394,36.63789686,107.988835,0.628973485
26.7116994,39.63394434,136.1323577,3.429603715
17.18577996,35.60168183,124.5323254,1.370793941
27.36380567,39.36822462,32.20062158,2.989039605
24.9963814,30.52257879,230.0113178,3.187369585
15.63033761,34.18793319,366.6340039,1.83905975
5.561732708,32.60157791,303.7591306,0.543814679
11.71693398,37.30820965,336.7629626,1.703950981
18.54085537,39.8129709,41.49344009,3.043699641
20.8369555,32.56530062,475.7938644,1.958199776
11.44719214,36.54174601,419.4074251,1.423964191
8.483901852,31.98097633,402.7400689,1.655885478
25.87325592,35.65330255,411.6689187,3.690982819
29.61005452,34.63932487,466.4225436,3.453000537
18.14225456,39.7200533,272.5827291,2.122650612
9.291982146,36.08527273,100.9407269,1.970532202
11.80768316,33.49506372,308.7750203,2.046088667
5.459766914,31.14095785,371.6978653,1.05040455
27.85747016,31.51246829,369.2207793,2.860107053
7.943777072,32.2531693,261.2030631,1.080775839
19.41291189,32.50966661,35.16090095,2.094093883
11.85138052,38.50616058,186.1853563,1.860641087
18.85445006,35.61222788,460.4625376,2.889435038
21.28550971,35.23390911,292.640006,2.858238479
25.74354509,31.14768872,269.6276397,2.501186879
10.16053179,38.60139693,135.1579037,1.98449785
5.274895716,37.22814303,184.856011,1.133111308
8.422140752,30.67668362,447.7776985,1.363903781
27.50046605,37.07835097,333.5650607,3.768555879
26.84725194,35.43538217,393.9061263,2.877820228
19.93532755,30.81725346,227.7183661,2.195353875
20.01292151,34.58300642,315.4933625,2.286599725
21.62591686,34.84696287,124.9434208,2.05490065
9.384281966,31.6577454,353.0249543,1.359687874
27.86029865,39.45698147,214.3730655,4.177379374
15.46926312,38.49975371,221.8302119,1.588652718
14.57846321,36.69022337,325.01184,2.003026163
17.97294263,34.62295561,468.2040301,2.512553876
6.174149169,34.11765542,32.93916696,0.934537669
9.157084219,36.50973467,412.5468754,1.471377115
23.45084041,35.45431869,146.8991721,2.35933159
7.069966698,30.62273106,222.5158078,0.977074087
20.07880274,35.12502649,11.93475106,2.100916718
11.13372774,38.06403617,151.2219928,0.993056005
14.73239035,34.59239878,251.8129901,2.244990072
12.21734342,30.51956578,29.0318626,1.607591245
13.89181791,37.86278199,246.056769,1.978694506
22.97614763,32.01363782,463.6282038,2.7566801
12.42804289,32.58620835,53.59121584,1.779052655
19.16011601,31.64706353,382.4559233,2.314741573
16.90126005,33.30215065,205.4258556,2.286998669
21.59177913,37.56751506,327.9316835,2.670121785
28.42074348,35.1938586,130.8580624,3.618638368
23.31430243,32.04881274,80.58663901,2.628246855
10.37350946,38.77830078,81.07084452,1.632863928
5.779578377,38.79581855,36.17548088,0.712665116
11.55660111,38.70578425,93.63770575,1.78170187
19.87694827,32.38796211,332.4454731,2.081576131
6.285645337,34.51239344,440.9636153,0.941028133
17.40915618,39.84989656,407.2487171,2.250269053
19.92107122,37.72012476,342.8820206,2.287530828
13.35609727,30.27167421,56.10549984,2.072524546
24.27280509,30.65204591,145.3045357,2.989783729
7.664956328,34.63931377,155.5936308,1.710215324
6.878444543,39.09220206,125.7285163,0.896297247
23.20471891,35.38701798,257.9878242,2.798039764
17.38728291,34.97812508,268.2413536,1.791549871
22.21005991,31.054737,179.0861016,2.212424366
15.87068347,36.56780105,177.5407902,1.786637636
11.16005083,38.22103161,414.4492434,2.164003424
25.47755794,33.80420008,394.8571313,2.874372397
24.98539697,37.75611851,154.59012,3.34200142
22.36741177,39.64476654,456.9804335,3.186552925
11.80362843,32.03766459,476.4546935,2.269411982
19.75576667,35.23329631,164.0445285,1.933277417
14.02434742,32.87137958,177.8580494,2.070549655
7.289551833,37.92854419,253.3114426,1.653817312
27.93283939,35.77593366,470.6192855,3.08322355
8.420465773,36.34582418,438.2833971,1.738466423
28.75593385,37.9791416,52.18141333,3.459331597
16.15014432,33.95970473,196.9726409,1.901090048
9.628323221,39.15090068,277.1322237,1.369609759
18.54752368,35.33028867,252.0631038,2.089412456
26.8236459,31.57954823,97.7376709,3.483001402
23.30562216,36.95899118,429.5495688,2.951338342
25.1640287,37.9326135,338.7934507,3.374916208
21.46958417,33.16761677,419.1162791,2.335474518
22.30691411,38.57179257,429.5233754,2.697933781
26.22989129,39.06143255,374.429571,3.645717922
11.24170022,32.76904487,220.16609,1.025679385
17.23562409,39.83521473,305.6628308,2.301437368
10.53023605,31.40711528,81.02233765,1.231945698
29.6917002,32.02015668,337.1490633,3.330011104
28.60148349,31.84224839,90.44737461,3.001603408
5.985670284,38.9398971,347.2808457,1.395795178
22.63937931,36.54292552,115.5694822,2.914572612
28.13120794,31.52104283,59.65809877,3.197240185
9.514383628,34.40323418,83.47696058,0.975444347
19.19863076,36.15298025,1.994075474,2.201109534
27.88720744,30.83464085,359.6510693,3.426554117
5.848649465,38.82416368,366.4681235,1.535548286
22.43550668,38.03603535,257.9517416,2.420317408
12.43372518,35.05206774,81.52003773,1.700026831
28.10990488,39.67126615,42.69361442,2.780279966
29.27645613,34.17760979,10.54535425,3.213726187
28.60666223,39.84110319,83.70834031,4.021752595
16.85535542,36.67919999,445.536912,2.015743119
26.55106627,36.34671273,121.526884,2.84075573
26.11373496,31.65954895,177.7813923,3.070297512
12.97751183,38.81927758,53.56739676,1.360505243
25.72288685,34.27489688,111.9582911,2.710033103
5.925190868,31.62233406,260.0930608,1.040461599
19.90674696,30.1260752,304.2685889,2.016673933
10.75022093,35.59755684,123.4308048,1.403671278
8.014172144,35.27399622,29.80834745,1.36112385
6.923830041,37.19353622,196.1254017,1.334433278
22.4072194,38.90258053,117.8674821,2.882677163
13.49687409,30.79406585,110.5574077,1.400779659
23.11916929,37.3149649,479.9715386,3.086516215
6.63390852,31.87411944,308.5339425,0.932090928
12.88225845,38.58177053,278.8823431,2.051944163
18.48728231,38.19063514,208.4717767,2.271263206
24.76807912,35.40793755,215.0432224,2.857802646
12.96881257,37.10242799,270.9115969,1.548318055
20.64728441,33.14350113,348.5184737,2.443507389
27.14944371,34.71167899,351.370902,2.940760449
20.3965797,38.21636898,86.67525995,2.217447051
10.82398687,34.59265197,250.5562633,1.572754699
5.610019539,33.57798265,206.5670894,0.964853501
26.75247185,34.94212447,435.3929562,3.432758944
5.531735271,38.28249252,316.0780417,1.05384644
26.86754182,33.35208047,266.7195291,3.167980761
18.22342835,31.73761593,58.58192645,2.161600804
28.47669246,37.1201402,303.2133068,3.546561989
24.96958089,38.25978213,59.48474893,2.749840403
29.94835276,31.00637479,169.2660812,3.232443038
13.76779539,32.39874113,72.27814044,1.699944691
24.17970722,31.4197199,346.3447499,2.722129569
15.04827284,33.47941412,103.9198048,1.162661532
16.99689051,34.50350979,196.5378272,2.129127278
20.68763658,37.48826337,447.941714,3.388753933
26.84192785,36.51147585,102.9538753,3.011078672
29.60208673,36.20928567,254.3947269,3.237294128
24.20683535,33.52374947,210.2165589,2.871830793
15.44416955,38.41447553,10.04389648,2.121723081
15.53392506,34.71287167,396.5862987,2.402996726
23.43955754,39.79104938,35.45390725,2.531721667
10.96942864,36.34142138,237.6532555,1.810101574
7.761852828,31.26264742,280.7784692,1.214680444
13.86555394,36.76177562,314.5848019,1.897139552
12.18097479,33.25104015,344.627183,1.712416211
12.40770301,36.86327197,127.3829194,2.014309541
10.84019378,30.69641148,5.979409553,1.441371208
6.052329741,31.74881437,361.9983875,0.58861403
5.446848368,38.55737259,268.2926431,1.410594181
29.69305974,32.27179557,418.2227339,3.330447475
15.69432834,38.37041125,410.8727931,2.27309896
14.60816618,32.79276088,421.8197577,1.891170575
21.99118207,36.4288191,243.0622353,2.65486432
10.4563472,36.94150574,167.4805695,1.891809477
28.7490296,35.12654753,395.9875431,3.361955657
24.65862536,33.05310677,226.1957624,2.453598854
7.235275058,32.12644376,92.53765601,0.815906502
15.43951939,30.33189355,427.6320358,1.885817987
26.97795769,33.03946401,441.3973785,3.497079031
28.61830056,36.53162791,233.6885683,3.544031078
16.68503778,39.38304818,38.77416393,1.959729623
20.33528473,38.71204482,194.5252189,3.369797236
9.175848652,37.66064777,401.9652921,1.63887943
29.77921565,37.88447343,450.9852402,4.038102016
10.79179253,36.64984903,102.5328985,1.475270762
28.56829435,32.60286858,34.4198324,3.222037491
21.24116622,39.07195031,438.7978761,3.106800564
20.19341987,36.70732312,195.3130646,2.875670026
17.81721278,35.60440631,271.3387212,2.572668382
10.76674529,31.10989469,484.0648402,1.693707721
9.4132008,34.47055544,34.21579923,1.145276669
10.51215523,34.60358271,324.5106857,1.329973126
9.660956554,38.6456361,37.97860586,1.574995953
24.48961184,35.4664822,188.3589953,3.154250151
13.75313148,33.80400549,402.1034581,1.757595878
