Temperature,Salinity,Pressure,Corrosion,Predicted_Corrosion
14.36350297118406,30.57842676563396,488.423363926819,1.204364442729091,1.7635098705703856
28.76785766024791,39.69102630140812,56.24957606983152,3.633222240098092,3.0878015679501374
23.29984854528513,38.83785884963426,211.8516657276604,2.745041850404506,2.763710623774759
19.96646210492592,39.27752283195213,21.97031291053124,2.172454447996494,2.5400872177391816
8.900466011060914,39.94907822646435,370.2121562626983,1.44314991082483,1.6812511355123478
8.899863008405067,31.73895249219487,459.1201995473762,1.208983355105323,1.4548756629528008
6.452090304204987,33.96242018902659,140.7386274456942,0.7901228914113506,1.343846198233918
26.65440364437338,37.58238475704091,429.3124967227613,2.655392970699183,2.9450474188014986
20.02787529358022,36.96020618053792,146.816897000487,2.75117308312944,2.4852103196355633
22.70181444490114,31.53895906339855,455.4743106603137,3.015176002551955,2.523147946981392
5.514612357395061,38.15833124990618,377.2269898947952,1.401294827762203,1.4395899959088094
29.24774630404986,32.24440571836661,402.6484816438779,2.95486039319595,2.952663438860925
25.81106602001054,32.23817614822623,9.985271244626794,2.695407522028564,2.7128904041238955
10.3084777669569,35.36974422893414,481.442368179939,1.595946714841669,1.6472472243850982
9.545624180177516,35.92939934841703,363.6088250430913,1.670322052006861,1.6101930638194073
9.585112746335845,35.80086207837811,153.0707965976805,1.583438860644894,1.594225451272359
12.60605607398844,30.91486837397755,414.8679377645646,1.351377792524595,1.6645657459953043
18.11891079080595,38.7746086263038,141.4790780090501,2.403806653502517,2.4001345746303504
15.79862546605289,32.65600042588706,436.5041659434979,2.125945709434103,1.9798377082462402
12.28072850495105,31.29514921282804,57.17761481555657,1.816012752366455,1.6324156366473488
20.29632236805949,38.88748079868977,352.1393027529371,2.919274827242462,2.5991643136046885
8.487346516301045,39.55651498229754,270.8085398458102,1.756528614058682,1.6402138018053625
12.30361621338045,38.6212761726545,49.17070062752497,1.76900570584148,1.8757435101874365
14.15904608234229,38.09516074724878,121.7050203011607,2.362499836486439,2.0049315386287954
16.4017496054259,36.55241980639022,7.18961410238008,2.152166533879279,2.126822201874899
24.62939903482534,35.5085737060914,234.9152147667884,2.655346760296566,2.7583362664599242
9.991844553958995,30.8698675991141,151.3313651192402,1.597201446126921,1.4900283113026465
17.85586096034029,34.08453213070699,299.5803846645816,2.406820813841517,2.1808603678961167
19.81036422155106,33.72688517012314,149.3216660466,2.166975244524157,2.2944589244868
6.161260317999943,32.59753783760326,150.6596366419854,0.7353317889595162,1.3040981408628922
20.18862129753596,37.23420113688585,371.8534061670701,2.713318490401791,2.5207651660741615
9.263103092182288,34.95875735078771,25.02327515319837,1.383562190092628,1.5551493578152893
6.626289824631987,30.81046215907648,451.5446026008016,1.045959008584924,1.2775116616984772
28.72213843133333,32.20183201949811,426.2796733211995,3.346684819979843,2.9159302259195243
29.14080082686398,36.83258763659596,334.2345369299769,3.990660882532238,3.0579669421327256
25.20993370291153,30.761308594903,297.0175634835848,3.086877464626701,2.6721634939102317
12.61534422933427,38.51206914048769,446.2589465716865,2.025304967801301,1.9142489045415145
7.441802850159597,34.95146527013974,93.47975958482851,1.378733539723745,1.4467520273674876
22.10582566280392,34.80586577326648,40.40561193322348,2.219168427030206,2.529336487056694
16.00381234349003,35.92407784659517,120.5155747848595,2.134067966233374,2.088172852386504
8.05095587111947,38.24680965925149,397.494561071395,2.016822192708291,1.5998379139746255
17.37942275278176,33.47809207902193,18.30046309651518,1.913430279337957,2.1087548513456675
5.85971302788046,36.78016152559064,291.8206107066613,0.8744464430133222,1.409504360114217
27.73301005196955,35.65731963995791,497.7233205794636,3.167248918084804,2.9653604660143658
11.46949954000042,32.67028270169421,427.9923508249321,1.225417290472642,1.6406294426281676
21.56305710884955,38.78629986355158,261.2013988327511,2.548639768218738,2.6589019062154544
12.79277690223527,37.97426021606928,32.75681373403453,1.64106361549514,1.8978174936854701
18.00170052944527,36.58451834658425,415.8553836784692,1.973500493537521,2.333883196886909
18.66775698358199,38.50581729094242,299.8902755804281,2.504544138058554,2.4298790833624637
9.621361388138176,38.67294200959802,58.35156553272385,1.753489111374214,1.6778134204787218
29.23961569411397,37.08362976715035,47.83478512685475,3.087580533466404,3.054419408203071
24.37832058402786,38.37013328363672,454.9037828988596,3.597422728304722,2.8288230348073213
28.48747353910473,36.97471461669284,334.9309312061011,3.576033114084582,3.046784973780989
27.37068376069122,36.80140771760301,414.814112859061,3.65156693124416,2.9788920849201888
19.94749947027713,36.18611378215184,439.6104712408514,2.384357442778229,2.4670732896093917
28.04685587557792,37.52716639557642,286.3144036721128,3.638405614470794,3.032350015429227
7.212312551297988,31.58605105293074,259.2057295257656,0.6604034395987636,1.3311102806101587
9.89957156047863,38.80870759198928,215.7832777501741,1.863205361951506,1.7178087724048183
6.130682222763451,38.71843527745232,159.1563473077685,1.237966898919044,1.479300630100159
13.13325826908161,30.29247283034559,217.8633844684972,1.660703463833264,1.6613151334372933
14.71693224223705,38.25816750564763,387.165948209348,1.783353129101444,2.0806307504135098
11.7837257943474,31.28869867473445,301.3597920765507,1.182813393704896,1.6123467252994104
25.71843772879823,33.35118854259142,446.3691216874682,3.199603163507283,2.76210949535248
13.91883316733973,37.43508256291608,222.2466271752147,1.648103294378264,1.9764625518916528
12.02336274218452,31.60759896048308,303.9376997806582,1.631493896940812,1.6290533807842316
18.56740207895621,38.17967024119062,316.0224689929024,2.071440549691669,2.419483116826858
8.523105624369066,38.32134177957742,296.2568839908564,1.728805294389345,1.617025373332216
25.05492451885099,35.07467733760836,351.6142527696726,2.623123387897941,2.772221519558991
6.86376609199427,30.06385871716834,119.4793007190283,0.9728461138993539,1.2491445614292862
29.67217341501293,32.87038133174913,256.6695249953495,3.484607387858364,2.983510506849776
24.30611923241644,36.16926918375742,53.00817660136549,2.614394862379465,2.746693826115081
9.96789203835431,39.81186178027423,192.8711524947615,1.816272776400081,1.7458593505773405
5.13805292809006,36.31813527016669,244.3458672420109,1.087864606116552,1.3454615607868903
25.38653571137085,32.5980358106416,326.4599055131908,2.727979694746079,2.7194079564985643
22.67143359619043,36.34005703099611,475.3149952405155,2.577084240744383,2.676703124205081
23.22517920102468,35.39985379715856,300.7248822076296,2.211932280740577,2.670909121936606
24.28175866714864,37.79845395151143,372.0533641721033,3.166867197744535,2.802717165431991
6.851116293352259,31.06980638826958,253.6267636881062,0.4538214363622811,1.2909464443655143
13.96164321360681,37.61027902502028,317.4179116567893,2.021837425450622,1.9921880399547014
7.896726488128243,35.4126657867611,36.39517585075294,1.05731599842972,1.4815768115748156
26.57758564688984,39.62992003858994,127.9413988400816,3.46481503584812,2.981004442456488
20.58245317068895,33.41872166038686,181.5646935093642,2.2871970341741,2.392106221349577
13.27245062131623,36.32621893133948,236.7741841482503,1.720955702046734,1.8730368339838102
6.588958757150591,39.32028105510017,23.77872400568948,1.41420743893754,1.5225202279079113
12.77455804289156,31.02509727990679,70.87202467910552,1.522511026527423,1.6501510038432066
13.12958305066868,39.37228487236451,139.1303395878616,2.003831442811997,1.965576599581362
23.2401544584516,36.87885722300813,485.7948127596243,3.109482927496076,2.7248155371919474
20.93893678388033,30.67837059105172,166.3421565444223,1.808158586428838,2.3126073891374266
27.18031856440816,33.00963566946816,241.5384879979292,3.274166425087423,2.827088960536596
16.80537312904873,37.08172088645281,98.85275865645808,2.325637311937963,2.194879101169096
7.989856148457543,30.67350601468772,305.7792554668084,0.7383925419187344,1.3643801631610613
22.83111968057488,35.82170460176273,141.0609245424712,2.629350455492738,2.6411389586999663
24.01962621542243,33.45883056952957,104.289296640775,2.673103549228959,2.6479476125698462
19.03192993923741,36.20915517767477,258.7697415945436,2.360533525462371,2.369460500723199
24.27417949886403,30.45742033812513,3.74739378104999,2.610167590831884,2.5677902015999
17.34488990910977,38.71536806152376,4.824352291963439,2.659926541860641,2.328018345082863
18.06832073454985,39.73488969177397,110.315335741827,2.731111181394585,2.421371655996137
15.68852545896374,39.68877855285692,19.32395988790975,1.727134632631892,2.2063926238355998
5.63547816860238,37.49651831742925,54.904851311215,1.210294092657262,1.401666655659166
7.697285674832611,31.30086240130632,170.0914640200371,1.376344352597358,1.3430954624666782
5.785729642168357,37.58263195929023,401.4902541103266,1.33233918262141,1.4352315785121486
20.91026028159451,30.24586916458802,286.4522730412811,2.631686687643422,2.3081507201989298
12.85889952690817,30.22123551528997,256.8211952522518,2.08689039696981,1.65024280491785
17.71426727911757,33.23610219149541,147.4509227808527,2.371917099887188,2.1227466057200086
27.68916184815232,34.88643190404666,465.9451059969754,3.378849848886711,2.937305157573316
11.23230572872187,37.70407417807793,199.1105055773587,1.979363013968328,1.7740324663754183
15.25957307589074,36.83295376606505,44.45929063108998,1.991147928315078,2.0268188684260244
23.88877846357622,34.45902706376749,308.9161915427828,2.831305145481013,2.6849649244693565
10.71995413729056,32.73626666281666,57.8053583448241,1.190134092506321,1.5718522252540676
6.924497745719824,39.97124500157711,173.2663482580444,1.804516143607632,1.5654808883590343
12.2437863228442,34.26181302235973,254.1985574201866,1.376886899508039,1.7173005915322495
9.030532181350111,34.51387024329676,437.2370398179027,1.864922504790374,1.5556786485523382
28.24244130856433,31.63623821191669,247.2797435897192,3.237502087547377,2.8435993109908586
25.20300948911042,37.94809548749929,351.4271242498004,2.731474370148465,2.8693824774543795
20.83509391276058,36.93682225781489,496.4156026605361,2.846700030572636,2.5761781021851387
26.78651475469294,32.2076961278876,66.61307082909283,2.250181802160873,2.7753643051978685
25.09180192247786,30.82381045615843,138.0910312342402,2.864915572900277,2.656236867200759
9.664251472150896,36.80499302074713,197.8934617232256,1.729037911188896,1.6405614670735507
27.31397496224944,36.54511214281136,211.4922610908769,3.044539384393474,2.9496562433732083
18.48355604789127,32.73259526998209,206.0995165575073,2.182946372531799,2.1855325291316188
25.18600387910156,39.5086356225041,453.8978902757209,3.865075281476447,2.9140089967800535
27.40228249808733,31.510578917809,357.3022895889613,2.900531266393222,2.804795275730038
12.9500868742966,34.32334801042602,304.3447018312611,1.40352309992775,1.7796332372179469
7.751298113191919,39.43615920167599,155.3769862135283,1.826972222426674,1.5900375569212386
10.69837906354854,34.19727316926122,412.0714017264261,2.132360360018506,1.632555353446061
15.67769471565641,36.38525947664085,477.5751952310095,2.184775681745682,2.1131472236442987
25.45036914806233,33.97594397962794,410.7779429925631,3.310508933084559,2.767147248298125
26.51826458140859,32.7421520234867,1.780987490544979,3.25011426489787,2.7642827693674055
5.173803263279767,39.83977647959829,318.5642837215201,1.003752959585275,1.466888611817092
17.76868256443914,34.09334006315043,26.51655533960826,1.907048723839019,2.1413528265647788
15.43527507871947,38.94099203679134,129.5460029465272,2.482459402309338,2.1513662496865735
10.55269526176826,32.29954605891086,30.70282547353807,1.74894946264983,1.554741959718007
7.996634183342071,32.13104704025083,302.2939310217445,1.284073931088066,1.4093867477006443
13.4403792850907,30.31134082884511,343.6083668328108,1.325311784495254,1.6807450387391654
28.57274259781298,36.51666825375885,58.12933139488666,3.866137608854656,3.0166093183989418
13.08007330051888,33.68526343723761,192.5356026394448,1.487093971068041,1.7559933228627405
17.96976554358415,38.64358249839637,228.6620179688155,2.300792291089345,2.386202911320051
22.57547397237945,34.73209906691557,185.1574578586974,2.747279367038097,2.5914276673220393
14.09074005948235,39.68193427914721,61.39147524211133,2.447961520919223,2.0450095488338165
29.29455206802402,31.85525515703121,210.0549473035502,3.441285168449544,2.924783963683178
29.06118237355278,38.68623167955611,375.8378458564006,3.710655331547996,3.0912408342804576
11.2945573956341,37.76596852791742,36.43282460209448,1.732804074473899,1.7712573956267768
17.43121264730964,37.70921844644052,41.00982702686982,2.219988438337604,2.297726309712321
12.52195774541924,38.44783228116888,178.0308746261561,1.988891617447138,1.888649924303006
12.12101235943669,37.61023990942999,470.9211300978436,1.127052710333939,1.8508976222605673
5.92217368386332,36.26220321631416,334.6177507147341,1.041501104016606,1.4007727506710335
20.23910834949742,31.31244877682387,339.6563083796098,2.389604945633914,2.262911015554517
17.56697558072154,30.32526179491252,181.5980754280946,1.576302397624115,2.013737063194403
6.286968781249733,39.20847847815687,297.2367348130607,1.411483101960954,1.5136721244743077
11.96616160591529,36.16650314520738,6.055460829843946,1.504474619149122,1.7460520658885919
27.70664714916634,37.96537290976176,318.4119271583616,3.912628970656689,3.02723511108807
10.98904726667431,34.8152235151255,456.7301868405422,2.097783850586574,1.6653137564893603
8.622371802280577,31.17308188962394,306.6741607040648,0.9923336215039774,1.4150099406230294
17.23631900693908,31.2518579220255,436.9755981397062,2.017308219573167,2.0479154687120693
29.64126135276502,36.85565287228971,362.2625546775808,3.5237027237254,3.0773846284998014
11.05138178778751,34.30305894899463,61.15864978544143,1.273219545451455,1.6417618944677532
21.80338868514696,32.00524726700337,451.324200335635,2.62261776441926,2.44949943614341
24.04049038321794,34.91594546741437,34.15547833353167,2.497286367371141,2.6827291952923136
10.94093859980999,30.64208937075134,267.4497688013341,0.9785855496161145,1.5344171548473753
23.20540871529649,35.81971401914399,71.92642477293538,2.892150089221536,2.667630851771008
14.19457831798133,32.68993404435098,6.841598754721129,1.804081145837725,1.7966715084759615
20.80764576483949,37.97559100637188,211.5950958036919,2.401893883984529,2.5790844389219516
20.83824276902237,33.10361958923573,148.225313119424,2.639571479330654,2.3926798770280073
18.39436710186896,34.55220149081801,243.5142464050039,2.057177526358839,2.237190134684411
7.257244251360207,30.11620539908101,289.0227434805408,1.009842575419875,1.2949221777670317
25.88256238973095,30.72446887794559,22.82579708216473,2.939842722373333,2.684639510918861
13.0195016242934,33.92493556406685,62.37864426674907,1.577149430533082,1.7503536044739467
9.662962759996356,34.79938834717124,279.7625558287622,1.540416182093058,1.5850044242108987
6.019378538869098,36.00020548119303,172.2405092331564,0.8909864265750075,1.3877259346971043
19.77232357970605,32.91662578709303,364.8575702871746,2.304399394618554,2.2866883952404744
21.93910904605706,36.94981886126543,326.4935326473779,2.700737721906703,2.6338912310262717
5.414695723196404,38.60122397189205,422.9565771319635,1.016882492696292,1.4456666788125192
17.80232645748202,37.79850988893349,346.5539205079434,2.348249788692254,2.354411603453229
10.66239437994845,30.39618825348357,215.5356076176839,0.7870781019968812,1.5138482891518745
21.12931976023625,34.80506947257829,336.8103445748218,2.432091434975458,2.485789531847923
9.359160725124786,31.04930178418175,138.4152059534538,1.029973053865531,1.4516054061316093
22.27344345256165,32.42045015862527,153.8504358903281,2.406285082562118,2.490548395391633
14.66838365751343,39.86662593267147,394.7035948004759,2.142919163202061,2.127610456805223
28.41824971841836,31.42495542901513,223.7633386843895,3.064272089854888,2.8453132748802266
8.438023603649832,34.98888153451356,399.3917899186579,1.494621724653948,1.5268381143595757
13.52665877625646,36.18155734318119,411.388764460471,2.187640186432837,1.8900571575065708
7.836838031014727,37.02464970544104,428.9236064929806,1.212295460743674,1.545304566464716
28.11734045696407,35.59648683486914,458.4009826847624,3.017645559343642,2.985025050786821
26.93348383452453,30.09770847419184,216.0616250361348,2.55149823318532,2.7349131914922693
11.44854069287889,33.26461308243992,160.1145423422483,1.29982805540067,1.6400620710084224
21.49960115085448,35.17711643384712,291.5171745504628,2.506845065886222,2.5266946605942944
25.4305550050304,30.87866499144833,186.2150392953762,2.506944387042047,2.6789777996821686
18.88002028998656,33.50626931209181,300.9360092333163,1.882795437123076,2.23855189265662
18.24126445890016,30.33203108791367,353.0873454592685,1.938282361951217,2.0911137802258186
11.04630727251129,30.78578497155021,344.5141042275763,1.428451951154758,1.5542728706890214
7.327569195147481,33.96923276201596,187.9018906230405,1.261525279855875,1.410642290041696
27.43039394883317,31.3271575404306,84.26324064767766,2.742148913474328,2.7814447280716563
27.51045142908326,35.67540848261558,215.8341398926416,3.076680227520535,2.930406108660213
20.8275364318317,36.89464969137266,72.15447789687246,2.243400811224185,2.532471463010484
13.47574477621752,38.00586699109083,445.1584205567204,2.018862223520359,1.9606295688536683
13.73023936531652,32.0015024424481,173.5928529081908,1.363213832029047,1.7344323714405967
23.14889197175598,31.6748258225907,78.07541386443857,2.667453476387852,2.5304481559605256
27.42775649881443,31.045678403344,13.69843219296969,2.323995775743033,2.7740699783232166
27.17716060662793,36.36430249543637,323.2653707569556,3.14752190625549,2.929840270941559
24.4968886464406,37.06475726486901,318.8142564099169,3.11051299502813,2.8109208493970126
21.05079115385719,30.31586144825642,170.9614791240645,2.319350219435463,2.3084901016096215
7.103499124876221,39.3621224624369,36.78423253497785,2.062605188249244,1.5545429711975032
9.040717852365344,30.51971283651472,205.4048185527208,1.195546780887142,1.4212588460001714
27.46385471317698,35.4129633530107,156.2975300366334,2.851812962112087,2.914777757282516
20.16072649148975,37.09060519450917,338.8831992277697,2.569252171539735,2.5128122193170976
5.229926290415741,38.70969123746086,303.2838454768925,0.6350921507912671,1.435902347129133
7.536788571650803,37.14086932132427,182.9322703705725,1.235855470805691,1.5208328932954733
21.5875442277014,38.01728083069792,109.7283845732401,2.422412776669567,2.627348531665469
5.126539596155467,33.39450192542806,494.0299471116404,1.261858049288958,1.2933510656437814
9.020201285437466,38.14825113746512,227.5468089768613,1.316190944704912,1.6425382261674126
18.71834473416465,30.80114846384675,344.4488436543383,2.106933480875537,2.133464036047274
22.29737994231733,38.94816656060527,71.13593082160203,2.579893872429617,2.6940674147492576
21.29903148756501,35.47592376153736,243.3092601300395,3.104856309632528,2.5260523746069468
10.60673273651399,38.17297769962494,14.74082321486328,1.438166677582844,1.721653808825054
22.8044805336884,34.523182845183,253.2221038373145,3.240832297768547,2.603117163998108
10.93122718742,36.43577695196525,482.0446861517335,1.958026375229749,1.710647946996407
13.13499245398169,35.26402660936113,192.7191497799143,1.875527106134939,1.8268976341446184
23.6622851279506,37.31589521755332,20.45901027488088,2.910719660183562,2.734715784122036
21.24082247618037,30.8162998203059,16.44693966875242,2.349106835110723,2.32370574246366
26.23058526235445,30.60352083990564,194.6053932134879,2.230082428211927,2.7090970198632314
21.44032230750858,32.47103234010147,80.85244329513382,2.282191988336411,2.4137882449063546
19.20771508338679,31.59544680113189,12.65269606776477,2.318264524962591,2.163361310452846
7.341869195702312,38.71783566592202,378.3505933611382,1.402431781682809,1.5669747144030364
14.19289507648584,32.19213987358044,229.8029814320635,1.280087975180704,1.7834987747872584
11.63005919204314,39.75865255819132,145.3331412143546,1.765730719725955,1.8655636780542892
11.09974108447709,33.36895791771107,450.1415083252239,2.072571350550661,1.6378283688853614
29.32526386881114,31.82117915688699,58.95334114006228,3.48497646713405,2.914497297412241
14.82744311666901,37.89698507142479,478.0034956487043,2.155841047430822,2.0799594387460427
27.30116387942783,36.58707775500876,157.6693919712991,3.481586691974437,2.9473733459239604
20.77846564993157,34.98195716453139,444.3134324820319,2.496995970528467,2.4830812275334795
24.87028258854121,35.55363550937631,301.8684953632513,2.462329743134686,2.7812664430550846
17.5659273276298,37.19201778272264,413.5269725110022,2.103464248893886,2.313854823809173
19.42259711565898,32.28454741331299,492.0225684420217,2.829211934183157,2.2434699284041097
17.3129423454716,39.96333916056741,144.9143134715541,2.277567361940656,2.369978230321465
9.881074694951113,39.74793162146783,480.6066072183889,1.700639097543331,1.753394445394152
23.06130288153763,36.50325686346937,195.3514655563077,2.696864342401059,2.6814258732527816
12.0193090610214,31.99542450929145,193.3704404637242,2.027475265848615,1.6361587518291454
5.607899160786346,36.80228242431291,170.8531650229983,1.531965231592538,1.3863105905031279
21.1368073976792,30.72198408979176,271.162396066445,3.00884214950331,2.3287229814374153
9.427766985176223,30.30652502205806,77.91837654606506,1.007195511951682,1.4271197898360146
28.51146460882286,32.57682888511214,277.3020311936476,3.265173204536985,2.900323678210319
28.84821442506468,34.62622956739316,271.310701392592,2.854642443924325,2.9907142521487144
27.87160975551121,38.6827250540838,381.1890044898302,3.912818995513848,3.058903636293609
14.25396750638611,37.27169069766308,416.9913310068552,1.704990022822951,1.99281658746321
5.386415413221686,37.42706521199981,220.7802338058996,1.143264525132037,1.3933618197264837
28.20796406469313,34.25493334448075,151.8642914263954,2.838131398294836,2.926877681967575
15.70460370793286,33.45934992546963,130.4081137612301,1.689818813103912,1.982078571163693
29.16637047609174,33.71038762984602,98.11729451573109,2.95788328422257,2.9629558210355813
29.09049942723132,39.87649563736058,29.76614351731342,3.293242155325212,3.097892906913129
26.325236386684,30.40109191412483,171.881541438522,2.634629131327348,2.7082823329290533
12.36122230173964,38.67031496122448,135.8535983732608,1.630931076122435,1.883304739525747
14.62744321504813,35.78675408572393,483.2422755473373,2.30155027427691,1.972513178241126
26.27841678792142,34.3861541918959,279.2967042987719,2.713185839795707,2.812449159485837
12.92305012890694,37.25257660415136,174.2912424762233,1.866088829618674,1.879226652908723
9.237318667152312,34.86668941424703,290.6533328958543,1.735627686745317,1.5620151046967488
18.92003156145875,38.73423238081661,70.45915397150206,2.267832379996577,2.4481283827964613
28.40386935401952,39.00701864011258,222.5778308518993,3.244498052787391,3.0715028895728977
22.40074491687432,34.21720926873456,313.4909263891108,2.596369967942779,2.575726695288369
19.25152925223412,32.76827797235052,244.9600180644332,2.597811332559507,2.231549730652283
7.429412344269213,35.92350328593362,201.4876215265078,1.255939435951003,1.4830256560327821
20.37518066747924,39.12363345616691,496.9303460609494,2.640647561382604,2.6248197691428747
29.75134625260658,32.10662189005667,440.2770663123146,3.503614185454199,2.9818627258813515
8.5021003809131,36.22966583563483,312.0795731215606,1.044892408661044,1.562233971045775
17.95824130909342,36.31560220092521,285.1193032299591,2.516418682881605,2.303294607775391
26.93432679819889,37.33113022415281,310.7095794324674,3.395773110232433,2.9481735440750954
23.51921544385511,31.3156768512726,101.4547418033942,2.433937153687312,2.555531161752865
22.4253935248817,37.15824964682088,198.173733888895,2.505809899417632,2.6699419893408662
22.56210209967773,39.09032520665641,20.69030691255876,2.512914284249976,2.70622707486496
13.98727878049388,31.79683108870242,238.2974727059265,1.826010306919384,1.7615856174930908
12.33979610661233,32.37543324923877,271.969267394874,1.915276994745467,1.676289749172344
25.23402888696284,39.7139509404164,114.6471183155016,2.933078607944354,2.896166186417774
25.25283486697952,31.8097695270949,482.0503947355913,3.052160108664077,2.7033779756322738
26.67680796450259,38.54385093369579,454.8178508576838,2.75402110016141,2.981506170967318
27.83101381391178,34.92277856448035,361.3494744924971,3.092376664842424,2.9395462981882496
17.78355997152345,32.47231074403177,267.159927753916,2.08408075554776,2.1158274304554996
17.53790736717999,38.70749901272512,435.1146106641948,2.191664904769941,2.367913122143438
24.95737947416938,34.45305255002665,66.195519567908,2.528383359443485,2.7319291142936954
21.24909826944413,35.14817353929691,395.4643873431676,2.437563767818315,2.524845024917786
22.54917193144258,33.59233369399766,63.2855861694573,2.611681426604921,2.545401195333061
24.89481673590253,35.92950851434927,397.3111206121533,2.98626089127002,2.794947494880885
27.25013354543916,31.63523872585023,138.6080165574271,2.262456866295789,2.781786311678674
13.44987892128839,33.91081536651761,438.6681999280763,1.181499651806378,1.800201065316348
14.3895738159986,39.69412322335288,472.0770048188735,2.035489428997928,2.1015717167970376
7.349548496021725,32.58133432701128,75.2491887331527,1.096799073313518,1.3665998595963256
19.45700352490435,36.56736664541292,231.8751269276314,1.623601732585466,2.4104359655120593
5.898556844918552,33.25190064224695,490.5127017031799,0.9056349517884431,1.3151499517102039
16.63995045331151,37.73473125686601,242.2203105506002,2.071814343672664,2.212459725481713
18.56611586768942,31.3087366071835,431.910213734758,2.61235179463617,2.147057405395761
12.16353130320711,39.69821045078545,294.7770295435286,1.790992561296028,1.9088949951244008
19.77083151422527,34.5378954138364,188.2896240518813,2.470866366740705,2.3235949117261767
5.762506248476235,32.36050463346464,143.6059942074092,0.8663029328289381,1.2865571853389566
5.93370471873036,30.73496747330013,102.4083224519575,0.1,1.2402820078421515
25.56501401649146,31.69757905087541,381.1372974974709,3.120258105109312,2.7103705420487643
14.00476603528157,35.19773948556018,193.8837129046909,1.879771323073538,1.9002722316951886
8.17651281629712,33.37003176431286,256.1264556381748,1.324543626744959,1.4568822639361603
18.05608150137011,38.28883365882609,246.6704145205898,3.579103289447647,2.384297865710819
24.24983882746527,34.30887523661806,289.0622355873325,2.217571817699659,2.6908974571155646
10.39552568742108,32.4871427258763,432.9229956666516,1.95562713497572,1.5714813462904147
20.57226189547501,36.1714498660403,490.3889324481313,2.582605830431614,2.5310586321901165
7.1336866248442,37.06777216885446,204.3845200783346,1.312995139465353,1.5027085463195196
6.292043029215193,31.6704190790095,413.9319421310452,0.9638844915252837,1.2925975901858784
18.2838657892037,31.67619216288318,382.4993695327041,2.034021908989607,2.1321584945386918
18.51587804025266,30.36671426933543,287.190946776331,1.900416049586715,2.100332034677677
20.93574753745516,37.3640201506564,478.0675246623546,2.857509081459556,2.594236684097696
23.15228334306654,36.63804527621805,101.036783248673,2.300343817918529,2.6901287538646783
29.39630198656337,34.74630875749814,55.52284094450108,3.487727744438163,3.0113461877156453
17.90750870752989,38.44170448969197,427.1270215107556,2.359388221705528,2.3921240369540695
13.07391182353115,38.05670152950053,220.1357585002404,1.539120273544293,1.9290891292666308
24.87965486921759,35.85354364396752,423.6374582493232,2.915304478024193,2.7945504179397744
11.77080628155186,38.68271280513259,446.6520123925121,2.269533976844982,1.8590911974135353
15.9742855176409,32.05841210036768,32.16633921591665,1.613678737463705,1.9332704178595623
6.961409533556649,31.11919619397728,441.8489167300443,1.138408244060576,1.3116733468656554
5.633768585386438,32.6974961151699,224.7112086293417,0.6491673230753067,1.2909425699361599
29.06621036694813,30.57086856089315,255.7058120131119,3.348240862901251,2.8724760312891724
25.89950301280514,35.31169528001032,313.6696630355119,3.275869155613988,2.8181675497425576
22.39935515234245,39.36605692294961,463.2649207583133,3.552300408927945,2.7371463525582995
15.22382361035675,30.3934354066851,10.53893112045225,1.55250135045853,1.7909998782503547
9.332358001771144,31.22109914010027,238.9448906905907,1.372206581132934,1.459622514585032
8.91092606677715,34.52199028283435,344.1732991728498,1.37654596944568,1.5492670801932633
11.25607245411488,39.33875017527905,361.630771891416,2.219968611858192,1.8408578353909002
18.73066661765301,33.16156104976751,346.5736833370169,2.046628776817705,2.22235788048385
22.86489806750156,35.07234808688392,68.0831295746528,2.855497306923001,2.610668584921257
21.50493441794328,30.41572859050392,150.3983985974689,2.245916818961393,2.350868481876382
11.99834742364857,31.48343200962089,179.9990471830897,1.402596350483037,1.620297110282466
28.87163201657985,39.86630122958847,402.414166632073,3.667058028966097,3.1107494330070087
23.44742291739421,39.65118696436046,140.1011763348619,3.030871284231019,2.7853734506131294
18.85885131278502,30.0493998093441,106.1417769697344,1.964404234472126,2.103175019741385
20.29301865585881,39.51811785423239,478.76656150001,2.866851931176802,2.626246193707638
15.49000156069475,36.391199378155,5.422779271620981,2.40255386905983,2.066082881552903
11.19327473752894,38.67918294520022,498.9126069853071,2.156224767368263,1.8224376081682323
13.89931696628154,34.54739855633859,338.7338281298404,2.105261853437212,1.8797163707428848
23.94615276160923,35.1559602857925,414.4061804251094,2.78080146003408,2.709818141199808
5.359837215743896,34.8884658025692,148.0150787767504,0.6454892398008666,1.324535626620392
7.901816012672906,36.66864257546104,8.143323555862928,1.472122496467739,1.5228003614381571
6.150066050543819,31.39651254756313,369.1968897622035,1.190091652250717,1.2849274337522998
6.018220057974253,30.29973589872678,417.2381539033372,1.325076017588867,1.2478957450622021
26.38651460027518,33.07929941591191,370.497589844806,2.854517975132887,2.7884260922197153
22.59144648450059,37.04680762736647,72.28229336311846,2.636608517069977,2.6720628927562005
16.85434572718313,32.01853452122948,376.9605332062276,1.54084325380341,2.013528950716971
7.445854016275037,36.73432433324918,384.6924682717129,1.213753457785697,1.515124669677622
17.29039687792081,39.6991204610727,329.6117173193574,2.735619659857369,2.3742547068255
16.83679426951414,30.93900715789418,383.2918504649975,1.840174033488302,1.984896926756262
9.33004674775038,36.72602118225126,423.1147983991883,1.730854008825581,1.6255899664868017
15.84629123094933,34.43750219304571,307.1884530044917,1.96079446462826,2.0387063859259373
14.96261835993434,38.68142254377506,45.21375227086985,2.108003884962229,2.0853406004716457
20.39625245130541,31.77149789447386,244.3262770239382,1.963902798599642,2.3256021122361386
20.87734127169109,36.92625952226165,39.74701800113093,2.537330384351067,2.5354367073387496
6.132600244301113,38.3811528964811,204.363972485183,0.2950058014046802,1.4744907127243672
14.36531536566178,39.44614219474023,204.1461380736882,2.012689805069578,2.0743794287403334
20.64649789285591,36.83248028289646,33.93891222598055,1.991948223607002,2.5209296738397646
17.57840646450219,34.97174764008427,175.0614464507702,2.513604043822002,2.1878875349202453
26.41224602970806,36.17847240201214,56.3880512968661,3.269411391727338,2.8654642110867647
21.46734079047362,38.68904984478718,404.3093697946019,2.981189487951986,2.663169401659927
9.073360677035742,35.7060974663883,473.8963249562709,1.943737908827078,1.5854890422482466
6.764218685010746,30.30387059696837,37.08592115371137,0.4833303398570369,1.2478670531768155
21.06048195515789,39.30948695506978,477.602488438559,3.392379684041365,2.662125167916251
5.662782763540545,36.89526751031561,261.7657230690359,1.379428919860608,1.3978017414394384
19.64438953183658,36.76513385777247,150.4832732989831,2.364817633734229,2.4420729509742114
28.50575603562394,32.15675152397717,39.35417556280559,3.376623248875678,2.874362711720275
19.38685444689698,36.58885470232657,250.8115097671385,2.119492818144245,2.4118143127294904
14.70424815516305,33.93864405654158,397.4632567008836,1.676581335413663,1.9087388753802823
21.08220546105883,36.51232977041492,353.8361521560824,2.4860251309109,2.555254704653542
16.45632226228792,31.06593030307991,26.06277972052291,1.611113756001983,1.932189340170833
18.64041973289837,36.57845304603036,37.37801584858385,1.952533277865711,2.3475578103605113
28.53662021941313,39.99413725770667,202.0337680336859,3.879157626150227,3.093835735972228
14.65256594501936,30.48212038860556,148.3499565299237,1.543728209264365,1.7593001440293348
29.02976409559786,39.77174184221317,116.9597772049679,3.613641817958132,3.098255725967871
27.63376604890159,34.06907960722871,141.2212449554481,2.924182734983353,2.878846088507443
9.89477836973241,38.70753450337259,401.9378889051454,1.137489453608027,1.723526411559637
6.734032521879136,37.82385484058273,464.6847987622951,1.435802538293764,1.5145648577670616
7.519450034435666,35.67016260986668,203.1462445692557,0.6211967007737343,1.4760427949581068
5.455545641288743,37.38449209251326,453.1493900641161,1.178610587139094,1.4118742452523978
7.36107401889821,38.78515561301348,161.4263549226931,0.9034307855301374,1.559478115176855
22.07516933540892,34.04140321651033,238.742056185552,3.182987859406567,2.510113420715754
6.779716211505725,33.27033161563239,113.7884699101839,1.22963819071784,1.3380121004877432
12.97439075734403,36.67593385563585,320.5975450457461,1.881107615598652,1.8765098642522986
26.12188277423637,38.07845941941258,489.5115764722296,3.69782597710492,2.9322382476056696
5.581798393395647,37.62285134776616,302.143054925646,0.8943460781291138,1.4221256495723027
25.3617120647234,37.97813648858634,179.5492279726609,3.245743395667154,2.866790580368152
12.046369369335,34.35583314812933,324.2609055492737,1.702349114408356,1.704426527300176
7.954120690541407,38.17834216175022,62.33741855422839,1.372550847997006,1.5747134748269922
22.41842913410377,31.20209055370609,444.4408810524339,2.963720868832068,2.4900314644084083
20.7235711694971,35.44489097960849,252.0388914391384,2.748215679661784,2.4823892036069197
26.93680033817632,30.05758660498121,225.2255212777814,2.95363616073123,2.7352955535277697
23.37677609509715,33.24585829900271,293.346529438306,2.208024495488654,2.6111551048695665
25.08702325962122,33.66461534871398,312.7671475319118,2.618149715758077,2.735086226845672
12.05086431428266,33.96172691609255,36.81612730703,1.442615097985831,1.6785665146896183
9.435988594493072,36.95467206689862,341.6259933904778,1.548004108950612,1.6335071668670118
23.76536879102146,33.88558101270345,121.7239084774493,2.350463703752006,2.649646719943348
25.1708684816816,34.48693622622531,357.2623636207883,3.701414781141486,2.7659886709076105
29.76262855001683,32.37544130874328,411.4448623977142,3.813522505391915,2.9876902770099485
15.31544192278566,33.7325179162934,402.1752952687076,2.157740169023475,1.9405578475902834
14.30045214481958,32.27269627263151,276.6979827365367,1.761487015045065,1.795151119052739
24.41032401854992,30.73195923768444,260.5647762630649,2.60209699807854,2.6122611839992254
13.52008850632545,36.03448593381378,72.29510470836645,1.462152098848885,1.865532336140286
28.26893314008912,36.68212798555016,387.8977290511647,3.436039670545801,3.026765658933813
26.4603187960753,36.19490346009614,136.4332808429105,3.159166392254757,2.8704293531158904
15.72485068437546,34.63494043800572,248.8510159861553,1.613976362864562,2.034575752931658
23.77177669478743,33.7978578017923,142.8527723708308,2.796596808105384,2.6489221614064213
23.86357185211706,38.63333649571825,67.78035313684688,2.863183409096756,2.7817947783828174
7.578096720898316,35.19081785136218,315.1492907489766,0.660429879847351,1.4716134918144963
27.56382266698917,34.79181877629731,28.11168537662901,2.809760482146387,2.8974862093367
17.63130931119643,30.25642065806436,374.5739718289738,1.897004227088993,2.0297731505048016
25.66143665269354,33.41247827626157,159.4758108352972,3.440658718880278,2.7464345795587577
13.00124002576529,33.80195618785857,1.067211809238175,1.715568292412344,1.7445719344556485
27.38808071240501,33.98822780896901,256.0534404793777,2.723448648376812,2.866743147057162
14.73004196835408,35.80172369227332,24.37910235527396,1.978937756630141,1.9643459769250569
5.270941287007459,35.33602546726878,138.8086093526288,0.4569554472371288,1.3206924037951018
27.63454941048159,36.07905092793445,353.7812672404024,3.626952374409344,2.9610496200379646
7.282166919653339,37.64883261542128,32.28212118931107,1.04330892496383,1.52263259376345
12.98284093976037,38.12985738716094,419.8299076856451,1.944447997733295,1.9363942992573084
28.75154917627012,37.18123076226495,2.906141406632971,3.691255457884372,3.0431615952619366
28.7651786734389,39.55523695954935,124.1651107317492,3.088060137290096,3.0908027193610934
19.33594720308215,30.18232582676362,370.7111240198836,1.766778055300579,2.159757484214175
20.79593030424498,31.95777985683546,158.8188047149241,2.139658564898072,2.340776360427415
16.21113804945799,30.07562874978142,51.84430164494075,2.020177985741276,1.8905441846970217
12.33026929245161,36.47474714154603,180.7567254814135,1.249185763598256,1.7981358264671439
13.2166136342479,38.98030548949987,135.9262499058783,1.046840020597692,1.9622716280401704
21.81296140192596,32.43482296576299,421.5132391781169,2.436293187725243,2.463889473517515
23.809363235942,39.27034544796307,157.3606108749864,3.146503078581262,2.798993880230799
24.78947609314621,30.60267390289561,394.6773034162276,3.124345418267303,2.64970679141047
24.74045356986385,39.34436026805514,446.0442002605566,3.08318399907194,2.8881598020145045
7.280152576217259,33.51622687239635,217.4748923686882,0.946983002469226,1.3906698737970526
17.36050761756454,31.01420828449217,455.0616287833416,2.418309147827596,2.0509604343687173
6.438969000416107,34.85871759186325,189.2817089276332,0.4783980613681033,1.384099526289819
18.73822205809339,32.56776567720508,482.075129828564,2.184538759207111,2.2159338497423016
16.03826253433443,32.84872901961923,45.55547273826089,1.884014544939191,1.9698104443961444
27.1926045689575,33.07289964926287,343.8226139851182,3.237429299915102,2.8342124331848786
13.77287531380197,38.03025897832664,247.4132061880074,1.807412012611406,1.991824191802766
7.926675410690146,35.39161276675254,194.4367539223679,1.227645797057717,1.487922696770562
8.574792051320896,33.11307699156004,316.7232274955518,0.4828433996121094,1.4691275336449767
24.03776579293681,36.10333783310918,352.2246887255313,2.745428228789891,2.7382265354756843
20.45545158290653,37.16150674223194,3.177271555504235,2.599108682124481,2.5244664023204932
7.528066903069757,32.72624000733533,84.30959128485216,0.694432213217904,1.375631789579464
7.102670152874936,34.13549101525351,356.809979266525,1.17098875933845,1.4098275395938782
22.524228286478,31.21886093336948,333.526321375525,2.672037723422985,2.488106578026443
6.819075159104838,31.8114934953468,483.0577050592099,0.9690932201282382,1.321633987603704
25.5465014822589,36.81117853964983,380.7578573351407,3.194574072353062,2.8560961027464873
22.65605567891241,31.81438347695627,475.4355811579377,2.363069699910778,2.527999355238913
7.033719516047494,35.2516338366706,351.5677102658687,1.137601051840539,1.434433673596831
7.120942852129798,37.09046261722433,149.7280521110821,1.382393230184643,1.4998328784084467
29.66598946252939,31.06876923094744,53.57709620317738,3.151764781370568,2.9118558585675594
14.35676989390301,35.67312219628904,391.1301078091229,1.796785709418272,1.9483195824699753
14.26605367667227,32.56562783701364,322.430461516482,1.841213848741527,1.8206631976545342
25.31998918143756,39.6292687523758,25.04482018425482,3.298214640223798,2.893314768613928
28.68121443459647,34.83545646719925,180.6651824845882,2.643091411666799,2.9744612172977596
29.65002659557177,38.05992549775158,478.4431079266588,4.012789645072994,3.0994203034474226
23.83445463147354,35.50226542156262,250.7001717093904,2.740879335653998,2.704917799617741
14.40648963827289,30.43412532854819,216.9318388738326,1.756315066841824,1.7509598067818508
7.08751791746672,36.33151375594022,229.3921029744877,1.557044545302634,1.4700500364326803
24.42867289818592,39.51403342206657,105.2324792785767,2.617530028570208,2.8519912837118295
18.96010624339512,36.01611820146331,184.9848782615328,2.13432360999332,2.3513404779412235
15.60555023117441,38.1918885942679,185.5368147376011,2.034200188615064,2.160634020827366
27.6588596273684,38.84206463348408,27.12515507354873,3.044272652788629,3.0350544677082127
7.779937057653783,32.28079771948933,384.0162466304412,1.662369624984247,1.3911399990226638
17.31562760727148,32.12044839908226,208.8357115200356,1.742818345471381,2.0596488255533068
5.283841119185476,36.10980988850991,411.2677635213952,0.9306913914368201,1.3597621537507505
16.71651604985315,34.11028469806705,425.3236525588278,2.208991312827114,2.09038215640972
6.407581892045934,38.3986130286672,106.7850332946304,0.8112834366405809,1.4875235759136582
7.970447906701798,39.00023123398011,329.0193876028941,1.350708769821892,1.60506926317466
7.938156169427621,33.53421379302718,236.6686202773279,1.241943532285977,1.4373094623163236
21.23025755290159,32.36870558974482,440.198212222821,2.419548956752196,2.4087587812472644
23.65112198163558,37.80525515243862,108.6545989090506,2.839533134748169,2.748281363692554
19.58421912742899,32.74806035548136,339.2287869547121,2.164486627437952,2.2586559612209225
29.05431371186355,38.22614318513678,304.2683090041086,3.072378529369157,3.076954316737286
14.3717644880926,34.23738253648763,148.3554373083446,1.877548194867725,1.8723098805986813
12.14280215704652,36.6754989929147,69.16385092193514,2.166963949483667,1.7874420890635747
26.71497820473651,30.95535313834668,326.168240478161,2.945717024043237,2.7546926070585926
10.58989596298631,36.23859324676573,369.560131608033,1.681125496793338,1.6774897700394276
29.08056348601528,34.5176767873723,158.4980445379117,3.478852973952296,2.990067272463074
5.303861867245408,35.86608463175474,322.7714694071346,0.6621239412299745,1.348724376531192
29.24697066769098,31.68014207744864,198.1703228981401,3.67639066670762,2.918002165535188
6.078997798764403,37.36873744944182,356.8902347580262,1.273327345832524,1.4485652421588728
27.27857784245178,38.62797077543229,100.4084221721325,3.75686454100773,3.0009717873742336
18.1925277271575,32.16739800090776,445.217286315451,1.988168354439805,2.145677333475067
29.82411990298251,30.95714555520162,144.4173886363243,3.705743476321981,2.9299964582912543
6.844914118384971,30.23638586046336,184.5252078903203,1.078966894195399,1.2533912102663638
18.84635711003302,36.41971500443266,29.98788408809454,2.444374366202829,2.3462600982853643
29.23256339047747,36.07094036088781,56.64459394831692,3.383179927550381,3.0202012403416805
18.07744610425372,35.4669741271407,258.4150894534517,2.193589213264938,2.260674390277277
20.73496595338156,32.31947096115975,134.5287456872578,2.674740950960074,2.3640920328580957
22.39371722461543,33.90905995905515,417.904632645355,2.743731934869531,2.5758421621906917
16.36352661919433,35.94476335186173,8.332000938821967,1.405482856083924,2.1079226105993434
20.68895200210159,34.96766858859169,190.1679302872962,2.13505359344943,2.455527673316652
19.6078577980775,39.87785520214887,169.3354278377772,2.541439465354398,2.5337006364766195
27.52895026227472,31.36439752556733,10.64448782788292,2.977283778547585,2.7842954288287913
6.136159508536447,36.95144554047594,63.0598311012546,1.033588533936239,1.422771060543165
12.02407973980576,34.04318768104292,207.407694784399,1.93180937954116,1.688805314267239
28.76028710191397,34.28199614925614,246.9394276392759,2.686114609440394,2.9699468260139636
27.25659459727291,37.17597765658176,202.7405838801797,3.286751952626156,2.9651625336481646
16.39141881964282,36.9243615132437,265.9379015276348,1.630782077952277,2.165334862953387
20.50331494503842,39.91255993702188,297.9707057779351,2.980705470067293,2.627142013000533
11.93452957452832,31.28394289454125,5.95198674278998,1.290135418396828,1.604980149053994
9.703028993094033,31.04109649384166,232.5834845672984,1.32237939507051,1.4801185799137826
16.59246012349956,37.24338817128741,481.7861212029065,2.060990530516989,2.2224841473002264
13.83380570065132,35.78386917006409,259.9971077846448,2.244258999136124,1.9132587717688976
19.5914027962718,32.74160666559806,339.0935914620176,2.636131745033886,2.2641376057179357
6.94336592412462,30.79419368988987,156.6200651005247,1.045266537538923,1.2759812244098907
29.35987019165416,30.8565824959643,387.2216976982285,3.191418755931854,2.904756906026799
29.65526861199007,38.94190874664118,386.6878194561814,3.837770331025836,3.113815986655041
22.45404285049363,31.91867324718743,261.1267277794153,2.317680478080376,2.4967393022975717
18.40240915860301,33.23371562115521,488.0308978163276,2.560455780710577,2.2176807834311223
12.73819040715819,32.26656402226988,63.64955716656404,1.971663225887911,1.67634704652899
25.34487549267372,33.54996305831937,9.456884779900916,3.095744249745186,2.7269202943882043
22.11827931384698,30.69423842746093,385.3089476667909,2.278160522827057,2.418863944017394
9.065423483622283,35.1905979090827,403.7706131450764,1.534229682748972,1.5671633601242974
27.77317961234606,30.67612563592215,60.98340733116755,2.511520420746843,2.7851675689285167
25.56343107307923,38.00356507822362,133.5258336463444,3.252848308573117,2.8737257132888216
28.7449978322981,32.33712081910433,9.758629319947826,3.1892630998819,2.8943892857295386
23.142987709709,35.40011914604511,147.3609967795018,2.154887261981396,2.650520984899375
20.33537989839475,38.80079087561458,386.7977950854171,2.376288215167342,2.59969742642935
15.45607590726547,36.50877369047194,259.4623033285769,1.973682695069442,2.0803051261544123
28.31821208385033,35.32957786551335,174.6997009909757,3.153238965192081,2.9683608311525056
26.65159723751021,33.24333753115376,186.4979081582588,2.615579410940335,2.80005215127299
6.130466752654735,33.33001913058198,1.675459232018609,0.9549259173943762,1.3002563019402957
5.6591743624313,36.6948695519819,150.6004632550527,1.109250165330045,1.3852433634868255
14.41158417195124,39.94139361221168,323.5829120773273,2.099585751428955,2.099132514947081
25.26383326954582,36.61839189849378,487.1230274643622,2.931973922742084,2.8432046507402777
29.68190323287361,35.57783417370025,423.6833526649659,3.831382783407965,3.041064427069729
8.760422277588205,37.30650510239246,12.77388735811903,1.802223497662131,1.5857654851371012
19.85326788380338,34.65205612283718,449.3817417327448,2.355398957412747,2.3633796024078912
14.52227141577554,30.60142342600785,391.8160082360143,1.552403179027647,1.7714874668980345
29.24785994536508,35.6229681587791,390.4076856619192,3.606347482108162,3.024371900262923
26.05297307839272,39.5762528450538,229.5398837427822,3.149318015217397,2.9512079939996734
25.95821761777844,31.7530294235766,199.6046411842969,2.799303330527993,2.7163664599803474
16.71732899487426,36.90004890820666,152.1549486877631,2.372555701937181,2.187701804292096
15.37048755844163,32.00933688659057,33.78173461822852,1.139446578408757,1.8552004654920264
11.83517679826766,35.35827684473081,114.8894463833559,1.962213879888924,1.718801781967044
6.409387416273178,30.9667644964672,124.0552138540343,0.8309556678546363,1.2618988974621639
26.61805940637633,34.50370936258185,242.5544577853906,2.942667631468906,2.8382530576265013
25.32252522825194,37.56163328895246,373.9747588917503,3.128398257630397,2.863962132660417
29.99294183215326,33.47571524238982,237.4311043705754,3.338371241204399,3.000928402850215
29.91592092684763,36.64911724487218,29.86438027413314,2.877466691210102,3.063497033413866
18.88579264006569,37.95449960789729,478.9371106931137,3.032101205162101,2.458530111873532
24.22468537951276,39.27177819479453,471.419435227962,3.192011792164309,2.8408753823549637
28.6191432470607,32.34642081855453,392.8095820310558,3.366387732961677,2.909972183684564
26.24118476693529,33.99315915809308,495.672622880546,3.414924614388807,2.813042645809011
11.18370254357994,31.52416013330417,272.6966840673312,1.082424802966918,1.5875283700161689
16.26360338275234,39.92483502158375,481.4214067763498,2.563201299631304,2.281057480942136
8.228985378787375,39.27000967924295,38.72691526775863,1.283317089383265,1.6121061607902043
28.85127568146806,35.3995713028056,183.4746933824243,3.558721649721385,3.0032755087932994
20.154365861272,38.42033294376421,113.4652527353762,1.91286457075579,2.5283437906118467
10.71607013758657,35.20957977272042,98.72070898300075,1.409565003991937,1.6418394656449957
21.79251711014642,36.2358568800276,71.26067149744537,2.403675631207695,2.5729783659159815
20.4532060114474,30.89124432116017,311.5844071414323,2.43320084314185,2.314906887082826
13.95406795082101,37.55270420496808,390.8796060179052,2.167342001728058,1.9916036716251053
7.838939804990726,31.27713483635235,289.57090131076,0.8380953417036009,1.3607865203817875
21.78932988981999,38.26067630252528,74.33439208451662,2.473328778075848,2.64244961329155
18.00769252259483,37.82028087670386,405.750761196802,2.419306003304018,2.378916382233284
24.30795979339098,37.08744697742976,318.3413988747005,2.733193296631513,2.7875156289700254
18.00408752779983,30.36160380524762,194.6946873573708,2.226278332534827,2.0652111712335164
26.3045375079635,33.03128355945329,337.3910174724954,2.897798214549168,2.783986647904127
18.79767096936214,32.63112569910843,130.6925846421736,1.262420145594369,2.189648631823628
19.02344928838465,33.60136407471519,173.250912038611,2.114438908785128,2.237410924790177
26.91634006645863,30.87642746763839,458.8254357228631,2.711151888814162,2.7623591594239065
15.08707165530993,39.36957823031063,145.9617483300388,1.618631143751399,2.115958714039893
8.350380711266018,35.53802240712376,235.5241458108104,0.9163202100995628,1.5194197719306166
5.719566907833475,33.05524310658024,445.1804275606113,1.037978538620695,1.305761999256399
23.87843139184048,33.96981517074283,354.1529537834962,3.219849560265546,2.6744964689857507
20.50773878383661,34.47202540504836,32.03940985618667,2.442197132901806,2.408522727830632
22.60199420248059,36.00594333360618,74.5042190952062,2.473644617189389,2.633246851710588
10.32410403772277,35.15679427696498,4.912953795186493,1.487324790247469,1.6234214291592657
8.409286889669243,39.19391973214417,315.8299733243525,1.378659506348751,1.6332106285451677
5.363616641697048,34.9696348290583,224.3890392797987,0.7465047516917148,1.3296744352517942
13.76468897016492,39.92158014823313,68.00315060023549,1.61808761643651,2.0372711613208385
19.74794217136583,38.51424957745095,479.0091264073284,2.172309554365418,2.5405251459726563
14.80610112749331,32.08510514357336,265.3002022488643,1.658385296262737,1.8364888121583072
15.93687305059323,39.30595214643916,121.7047537623317,2.225100273416626,2.2172891507022596
27.60396736234371,31.16366397885476,250.8011820061991,2.972840362353882,2.7980668675810314
13.70638667558251,38.17449708491192,340.1305460348188,1.882485653615188,1.9756586047845826
17.84973722899527,33.8062329347658,39.04336976880867,1.768930173491326,2.1568463559364677
24.59132531852858,38.7797432044507,138.0772037088981,3.207479088613471,2.8404453951248763
14.91356955803175,38.6805669010745,403.6757799511128,1.789930552026621,2.1043016796526857
20.55216750569684,38.05925400117621,230.3727703309279,2.864021147125141,2.572064870814718
26.55909271866863,37.90030436307062,273.7419938741152,2.944977318457573,2.9425468292305843
28.73801559144105,33.04679139098041,216.9751851025252,2.966745087216617,2.9231170080895637
8.676837023225948,30.80919283051252,22.90607137885955,0.5374077595310863,1.3894830051876024
28.16469062903736,34.02980178765161,83.70914013025781,2.967240015463894,2.908221023719818
17.30290732698845,31.73524514986509,223.3252777322035,2.279156303779735,2.0446962209837705
11.45610970747396,36.94951088902462,105.383547238556,1.758313652529231,1.7574918157976214
16.47839390595653,33.46099726537786,25.93953530117969,2.185232592301686,2.0155453314230356
29.50081438213693,39.75610200859915,421.98118236186,3.8633668307829,3.1291371347030825
17.31545234982174,36.40972077345332,490.6150720528938,2.024084798300316,2.27703757940227
13.21879025718771,38.22480563634361,396.778294124373,1.89011862447801,1.9541498520320122
20.83502135791814,31.32524672741848,427.0386759306289,2.187071008570953,2.3482460534404135
11.00364046945483,38.62014482272622,121.7465880282056,2.049263990485748,1.7699148098103983
6.896583202716598,39.22757190513394,480.3528607810867,1.090023689169146,1.5615269108955239
8.22199304776623,34.87061918818936,99.26592652226077,1.441319471442094,1.4958136540289875
8.20114597394431,36.06252937750978,475.7634753705543,1.686855902165967,1.5501465454463375
8.797567337807358,37.64809800902995,497.4148276890095,2.117602045769703,1.625989101578675
8.470679316235254,31.74838627260413,356.1496800672783,1.047503044676661,1.426948257294758
21.02186862008037,35.02566076463442,490.5907221641191,2.870308846374005,2.5030892692827997
9.54700210997862,33.98663027772313,285.2003500039847,2.038974388025803,1.5468068571685418
13.64168208309658,31.46373992162249,130.5113498048691,1.375165313391247,1.7066091381359307
27.4197102476503,33.67534422291531,219.0609469471448,2.632603572302799,2.8602060428806073
16.84904100657181,30.68172309385493,297.1869067540142,1.361427635732745,1.9655440750996032
21.68894346302568,30.25811906949487,37.46769945148048,2.47219469533959,2.359927074326716
9.307996780040746,31.35166289154823,311.5492890440058,0.647059341864053,1.4648154553584602
9.80722547021677,39.63115111589174,490.607740544385,1.653735194385218,1.749002555556734
6.021715406661972,35.49529535895017,95.86371724208009,1.113909060524573,1.3695184351767535
9.223376576804114,39.6582216115322,396.5049630279033,1.716900817998086,1.6887875406961754
11.96475847579897,34.32497878330132,454.0414980960301,1.825225932226368,1.7084882683526665
9.42526210691867,33.11816133085259,471.9070948172902,1.458921718561537,1.5261612822305626
7.21756334392639,35.06141862840244,480.1076665983181,1.656387780284078,1.4568900361402715
8.015896777515021,34.3951168863291,261.2083597220145,0.9241017248854643,1.4764270072440677
16.51946920081814,31.05664684261744,488.6766460877603,1.803865980897146,1.9699403824072101
10.15834296014481,36.40826314690206,378.897793360085,1.351745453636519,1.665544892467662
14.10674652620189,32.160381825096,81.67404668224398,1.866435247953033,1.7684021334729823
17.58543177137142,36.1958795489783,238.973153127517,2.515790244846474,2.26070788966488
22.25987071573413,36.50201092398153,359.44725651063,2.924025779001497,2.6437306133500518
5.982803496027474,31.52024853128648,124.4228175937226,1.14939922220905,1.2693194103204932
24.98525997272607,30.61349627110668,320.6669765908948,2.393968976088613,2.6536827189937107
20.6975097372727,37.8076158606844,333.633639044263,3.184962756927101,2.579526624861591
7.043975798721798,34.5980042376932,82.18717216047438,1.490209901528894,1.4062056631149467
26.83946560266943,30.58163795505476,282.9775709139254,3.133050779828507,2.7435133322290213
28.02181001329533,39.94866317169767,386.0418285783252,4.085021684013037,3.085846703511269
6.526948996371594,30.57780560996367,249.948936603435,0.3674196233118671,1.2548211622599934
11.92194120368009,36.95035228858553,7.039455271277605,1.443743958732268,1.7713268283543997
25.15503199482653,39.83678925263413,5.510196070566797,2.847353659123197,2.8891173339309444
23.70649225959146,32.39180104215926,179.1576426410361,2.85410883369297,2.6062867386323916
9.613025483909432,31.42249368687196,463.1708401474592,1.006817368105766,1.4901163339399937
10.23373308341776,31.21384939422429,115.1097130222008,1.426716116543476,1.5077068741839816
14.26180256978455,33.03275147567596,317.5474807469719,2.205599351512892,1.8304770647110769
17.11307462977553,31.01045811010647,111.815859475967,2.084146105424199,1.9778709466902196
20.4563692882574,36.92161341694132,161.5133248401148,2.615446506369453,2.521263737699958
14.22284098924431,30.62291798130063,424.1730027111405,1.427001434252947,1.7543115572025452
16.5633679033287,35.09422128149789,364.7018596927035,1.897190431594646,2.1281812539558302
23.68677345334391,39.96696853852977,48.6042393792921,3.324060500717666,2.7982300453154694
5.917080072264947,38.13970269506019,214.9223084722304,1.397805934565358,1.4539925793245676
11.31092360860052,36.15219438231011,15.55571205898697,1.492621017369926,1.7176374417812703
22.83373964711381,33.06253620786612,240.9641831549015,2.489456940130509,2.5639144641884943
27.38017094217998,36.23895836291639,331.554571838833,2.66584687352796,2.9480899177446833
17.79193605289165,35.27041463911652,60.13280917547763,1.809371953405538,2.2048447561072524
18.30283713163289,34.26083383890371,145.1535845156737,2.747174860686368,2.2025355080198046
7.679300283494401,31.30710376740199,199.5204761255763,0.606755720659727,1.3454816434325474
16.18530917058636,38.86604215240467,459.8459813033688,2.406446898875018,2.2427765361712133
18.31543166137558,34.49784648821323,496.634252696059,2.664832746032948,2.2513360998904517
11.06176259086824,31.94622511820765,23.41073819881231,0.8965630208740641,1.568257971939776
11.73108077373452,33.67759350877289,380.7429538242006,1.660619309336662,1.6784262048136733
14.43210407761557,34.14129752528927,186.4903091347693,2.082742037024741,1.8753561696126777
5.501779944443159,38.27537895566874,196.8366349285105,1.123961993442323,1.432807258813898
13.05197913957946,37.33614380561402,377.3782217001643,2.779062068966899,1.9040532118559943
10.28620017491362,37.6930489364134,459.2947896405589,1.200187018646992,1.721758446395187
13.18743380444787,30.11031264428647,475.5133686567717,1.937481193130799,1.6786521595400492
7.99405329548128,34.16153998179762,288.9841704331221,1.157980829813769,1.4722114506316568
27.26318201849737,34.81344151635324,179.2034584909509,3.346014990542017,2.89040351494416
19.83981133885122,30.19192276823057,393.9869938435309,2.380809851906329,2.1990179959656384
21.97755797861224,32.59813208745035,126.2496902478878,2.228687325402825,2.4519348855733827
24.72928096518346,37.60289823122135,282.4729403879253,3.120855333189318,2.824268137159533
17.46105497322643,31.37109705728999,179.9306523009117,1.405102178096252,2.04163476767979
7.173007202185593,35.35310131452592,328.6589057802302,1.388106426184528,1.4497756866428209
18.42766354546369,32.15201872017238,120.9590575338599,2.158141296297216,2.137286378454423
19.67102795052198,30.12120774643893,96.60487992167806,2.270910610106053,2.166440488019974
23.63598685460825,32.41201457599541,459.2013042510431,3.089082501090402,2.618110820310365
15.79148865574198,39.75873754910054,51.80003779181892,2.261118651166187,2.2150075560510705
8.189507569889095,38.0153711188299,253.4729959597309,1.448729574027892,1.5929892528270926
12.09439764496811,39.59576644321034,111.2055386985414,1.538357292186351,1.895585469113537
14.07705740996588,34.87854043926362,20.42605169950806,1.506026496892948,1.873695702983963
21.14793103329003,31.09736198677503,18.97339032742177,2.593015221062805,2.3273277403113504
19.2694576167228,35.47959488973693,88.43566428080784,2.733890897189463,2.32618859696414
13.90241814744616,34.54377334559961,433.5184068984941,1.820603491758366,1.8839255352450037
29.66288121982449,38.44357082739616,141.9568932445363,3.531092871328648,3.092569613030101
20.14437048392218,30.98082580784245,475.2791261170726,2.087580526522887,2.2612621168819493
10.93066979339986,34.88241137021778,291.2295242016076,1.892476300710051,1.6548720214915444
7.544561815510093,31.50048664693984,218.8704806946143,1.196387738530982,1.3463116044628078
8.8214784796083,33.2467592689006,290.4643285000578,1.829930143773153,1.479579673292536
11.1489432096127,37.37357077387799,258.8324942279076,1.407339120793341,1.761770159252966
9.017034331488892,34.76018129368767,379.6293506249053,1.273971740618399,1.5573246378274204
9.664175601282643,33.75888285145769,141.9655369204533,1.352625185097186,1.5491022586226684
12.12737921734618,33.94476278570036,177.1721454085509,1.750355932219782,1.7008540335474134
9.33433988236887,34.59446768405986,447.1530569640921,1.379880546835776,1.5690447062238313
27.41913561566063,37.85016543837057,473.2818000620524,3.167021343557646,3.0073320069876335
7.005843641541055,38.92084688940234,446.3865555157508,1.692089182237309,1.5569061352045412
18.11278473925637,39.55334686503928,210.3045489846995,2.668285637611764,2.4250659778976824
15.25992067474154,37.86903386255295,390.402386000434,1.89760966061104,2.097558596587358
29.55946542271516,33.15406895748013,238.6915309172483,3.697475533113935,2.987190357756237
7.800972554201309,36.88134706086542,249.272386220905,1.657707351510975,1.5271065676080173
14.94638997614354,34.37603124055392,103.1353744195847,1.86314413320432,1.9275417762883436
29.23676083188422,32.54670622046051,295.9740213259997,3.280724700765398,2.9543514454938307
26.63767814734951,38.40871579425922,93.88181297892062,3.355208779450285,2.947150329617815
25.426801773732,30.38426348962325,166.4507848345297,2.444454760372889,2.6640074864080945
11.4475706761235,39.01761992135424,427.6600706083477,1.876324479911599,1.8521581084881413
9.272189684751645,34.61477464624734,104.3308287962167,0.6222549889810248,1.553236888292105
21.71608049811077,36.37201476808281,36.50798430154298,2.829246411195009,2.5747405526247094
28.23439972818964,36.59353922205783,35.43478871379534,2.760233298724335,2.998002034608089
18.91907232534825,38.95117740706537,470.4514757310508,3.083564726460458,2.4950239430576104
19.2903172367475,36.36669682167207,253.9532985429555,2.333154123018035,2.3869494067007406
11.9994773415071,36.13933584760062,205.2966238366921,1.603909681047874,1.7558594314617526
24.23732332979842,30.6665204056069,405.6284119229513,2.52939932457445,2.5983181031621823
9.676093713938084,35.18408021945204,418.0771380273475,1.4072872263816,1.6015463555127505
13.09198091010609,31.50169000817042,166.7633255246867,1.951070594904024,1.6822629332561607
15.63591096541042,37.37433768721485,347.1154106794238,1.417370026459112,2.1478489639419354
17.69025946711137,35.12221920812674,385.7902851100914,2.658968602677116,2.2153667976241262
11.06024331037701,36.80227779208353,327.6706927461113,1.769227548523585,1.7295684088491037
7.870920618480088,30.41672900602384,76.64594232524959,0.5419919261328002,1.3214927127370117
20.26550106104082,30.84792016045803,438.0656586750114,2.023232162727857,2.2603121764972958
12.2157638310064,37.16323388062682,270.0081818152684,2.275507013380215,1.8206158754497082
19.5309555355653,30.72084335998673,141.9537407586319,1.834309465130503,2.1624000559211334
8.859067881855058,30.71256727765259,213.1888645334093,0.7399713683341912,1.4075666513646656
17.02850254637044,30.12108475234887,19.74797410905478,2.117819779196572,1.9416014522534135
18.31473581378965,39.5650139829948,64.80553380998637,2.501539847497611,2.430104817496773
6.295588420560673,37.37508359459007,383.0078285074146,0.9662862002564977,1.4637203460351842
13.41510695484801,33.53251408502064,1.005805742927704,1.641473732406823,1.7568808523607773
8.360366923474356,32.96535581287655,208.8663484126638,0.8388587892836509,1.4451411156661125
6.584374261819193,33.4970322974585,261.7325803617086,1.352248687940619,1.3440172431428223
29.74900580974863,37.74653531181182,28.26257558048518,3.752616860995776,3.0778155246003194
13.05884612436807,36.61370611070414,486.5660033231941,2.097301716458334,1.8834846777621597
25.24686114636587,31.85195567867468,113.8365402935863,2.840547424269358,2.6859405250684474
11.3660163690941,31.74109335334084,152.7951610985042,1.886257259764056,1.5920974887148607
22.03756805559823,30.98395649713397,152.6673136152586,2.387041122618758,2.4081746668750745
24.00569649724216,36.60302719701338,115.9779143965576,2.491994666325063,2.7356611100283224
19.89096851519611,37.64372662221736,1.735437221069397,2.564840012268845,2.4759203066036566
16.78940471375396,32.65046428325004,364.9430522499102,2.677596263702127,2.043704603008836
15.29602285368171,30.20944961030913,483.4559043998434,1.535221807305933,1.8341799944147752
13.72170666357488,30.82171667476428,112.9224481592375,1.419125831345265,1.696794777921955
28.23822860619565,39.6786003484503,331.8605487099078,3.656463901005609,3.0866386057434245
25.76548519469323,32.9544477747742,371.2062671523988,2.95154952426065,2.753922846481883
29.12567276666281,37.69223147838134,424.3642641661718,3.27251684573338,3.0750029466761446
8.107430587138618,36.24663568854264,211.891969309791,1.62342512184317,1.5357853659360394
23.27168688009111,33.81939639652896,152.1625219145742,3.348078922576163,2.6116297460182976
28.45851142052594,32.05687262195555,163.3222718774925,3.14704228397443,2.87766359100682
9.530826654141503,31.21386418159407,356.5980452161579,0.9787013473592715,1.4744808189499645
6.662406684169437,36.15012968038867,408.5729537863124,0.7711924089916299,1.448902100564797
23.52801623225148,37.74633780637788,91.62536991054472,2.921170930043808,2.7400792720324953
19.3618278294978,36.4390425354113,186.0995630707248,2.740194831428724,2.3963436541813263
26.0457194189568,35.30302133249158,451.0681581778259,3.295654348735925,2.846849604700156
8.494309415657238,30.41951223431636,403.5400663276749,1.129302371347862,1.3898222491958527
24.88168279649726,39.68488777594384,492.4443429784754,3.099700281577502,2.902990445249865
10.04068300119361,37.98714191654575,377.3698815813583,1.32230818410004,1.7145089080700304
9.091398571642612,32.92822036700964,197.2044053129332,1.462425413246814,1.494855853561247
9.106644948274823,39.79970329358851,295.7282791633243,1.880492222682385,1.6826906804159234
25.36436800578455,36.01881589636322,330.8461128694128,2.596928653002242,2.8183941034040156
21.629930517405,35.82422658207246,40.14945234224485,3.009077737647591,2.5472586704712405
18.07663561922798,37.48073179429532,272.7039825928287,2.548120446380318,2.3607439112688797
13.97076210308756,38.11769788090137,354.9510934078322,2.458161981779618,2.0111383516845733
26.93001352032771,36.56478607331503,84.49333069652913,2.718695933679392,2.9148784486537913
14.81112768556588,31.280957463662,390.535226995353,1.388527945790873,1.8264101921790419
25.41498598678943,33.38267505994499,292.3026174765417,2.869939804662414,2.7445819588824327
15.97837271425546,39.28083640326049,476.1586710630997,2.508640692366818,2.244313519372698
14.42361073562269,32.24615611843852,22.16872680523896,2.162508426943043,1.7925473395788103
16.56699464174016,33.72167023837513,133.397742640178,2.17915245873554,2.04714122940657
12.53444685410355,34.32076882944196,301.1753857706122,1.605113373902289,1.738402411043858
23.69023450440628,34.39404989694452,148.9833961907594,2.413153818261605,2.659676948396346
17.56800975231198,36.12939582494526,357.4976578715498,2.668866704408121,2.26122070239599
10.80531737867043,39.43075837744708,379.7436359784436,1.510376784181544,1.7928192190036345
27.48936433186421,32.40692711832505,52.15546606917075,3.441748025747095,2.8222330995314677
14.59728053433028,31.21501376300918,257.4133776391771,1.621716972699263,1.7836740581688613
18.58882152784972,31.97470489859937,254.9363872399369,2.620107150298403,2.148798060122943
27.66180277411367,38.86924900209269,185.271104337555,3.563804603880702,3.042485724505505
20.6059498978498,36.45810812655206,466.5295064222664,2.633513439669119,2.543386182148271
7.922451017709102,32.8590678923916,413.9256536167374,1.04418934882916,1.4285264971367493
28.49580309033688,38.15946938968617,348.9074815729088,3.387582093278766,3.0633874053257
20.69270132678545,38.61369996363436,357.4489912317638,2.865021571366855,2.606579140296882
13.37264036642715,38.46514338690278,231.3963557627464,1.957213269912682,1.9555120128264238
8.481801816584682,39.18926533639554,460.5762660271914,1.417635096249368,1.6436139540280703
24.8506297317574,32.52241020173361,347.6031181993894,2.793142556444965,2.693345084554848
20.50181889821284,37.55041928746278,364.7615497662524,2.691503675171433,2.570159305323244
18.33652729940804,34.6053949727414,430.9837609898853,1.698641067926512,2.2489490047129217
27.34731457627394,38.41998552890061,137.7617230817533,3.41990896722805,3.0014056833369094
24.71493028061327,37.28490677161614,403.7283810294848,2.801533126919974,2.8255974073044237
8.791871993318779,37.76447446499725,98.42506087528953,1.028470669235801,1.606379436523862
12.79305169488871,36.56161837681071,173.325634170199,1.245692538459433,1.848039910280067
11.21222849536164,31.77428769469707,168.4696166806515,0.8138512304291153,1.587638099137709
23.59865731431692,35.45026918896939,489.2842087261811,2.528233981487705,2.7082371036999717
5.838310868394484,39.84669739524508,428.4120746502155,1.135512643815802,1.5079957216675106
19.24724212178291,39.37388066497119,350.8837609335396,3.21268480432973,2.507024504484223
24.06146714351726,30.43173735797012,363.8013240460797,2.50971727868285,2.5780710298130605
26.91914091904374,31.64814815729437,281.4743244068829,3.026230631031082,2.774098178874416
13.55204371789769,31.31728773454562,473.598242887151,1.835859233090663,1.7258010780716597
25.53143261680032,37.25979909985296,248.6331176882984,3.137616268559723,2.8606749890638814
7.765793423880181,38.17785329856945,190.8783372250774,1.315525074889371,1.5637500807710054
26.16130729336296,32.13511366310672,82.35463312886391,2.46332253715443,2.7358613836062378
8.18721655829956,35.05852692951829,393.3166204782679,1.761431514206908,1.5099542201954723
14.93218226400918,38.407030280112,367.4875221057201,2.697319431728883,2.0930253053242396
24.93238414448884,37.32801544766251,192.7931642235433,2.509085097885114,2.8224992315683366
8.747935683719344,35.42237205491848,13.57151356565545,0.9033362878129115,1.5308336958850255
10.73128488081604,35.90347690458773,419.6596665312874,1.552036001041671,1.6757338192109923
23.05631420982666,35.0836054691628,6.697573743582742,2.331646080017678,2.620113976646092
23.00091341365186,32.97548451318821,352.1461900348964,2.834575265256944,2.575053860980652
21.02869082213243,35.65021992859016,485.1582977533025,2.467324503975558,2.5377548782199844
22.3487111116775,36.8888530205009,219.3930027459535,3.396374021085891,2.6571997391660758
18.56811108368991,38.73322915860808,118.2517290929804,2.767609946327102,2.4247250190177323
11.29497647267382,36.36291353979248,352.7306340116475,1.745627787630633,1.7394164972048827
13.64239983759799,37.61121537043158,408.746942865777,2.315117039888325,1.955300788349658
9.539942920035642,31.60071634954573,273.6687277228458,1.560481537827606,1.4787887053358995
27.71126403334071,34.6155747441979,483.550602352817,3.132343132481041,2.933129709162776
19.58479486915301,30.09331619827093,26.78269210732259,1.789518406698059,2.143690219534317
15.021285419091,32.46678864521623,252.8930035539595,1.833204332015924,1.8561081865924287
16.55014509110332,37.26461715113005,359.5085197139525,2.514337401051333,2.2092202315116314
28.68208349029538,39.91809951349364,431.4575951034403,3.679407179030105,3.1083692757236716
8.833785077902006,30.99178099587216,90.44855034198723,0.562939825275642,1.4087792133999564
19.65574580041993,34.01494315861288,400.201737400077,2.183422210665562,2.3134588175822257
17.64721697211165,38.0007096869916,276.8008307835541,2.338812675052348,2.3348715413899543
20.28635588586619,32.04035634628899,198.8802873129916,2.265240805437955,2.2781764887926568
5.452754595521013,35.55084949302287,66.72579926096769,1.50579042404881,1.3339060756371495
26.80309772360379,37.33071296029675,432.7825836955473,2.905287266681429,2.9490414286950273
28.30295706209031,36.15985450260179,79.47933088167797,3.387551806508862,2.9866278615801654
19.12832958973022,31.88024734615416,155.5841417453405,2.589218266830026,2.1755827743193206
22.41627059692231,33.55384568685739,145.732720449256,3.231467565064706,2.5454079416735005
28.06248452943239,37.83791784485398,435.8356030612363,3.352589856939507,3.0485631311455053
22.68096585783497,35.54226514132016,336.6787941102401,2.918825012898824,2.644262687594949
8.813476072856535,30.05229613542913,398.5440171984948,1.31200946699409,1.4032590766390924
19.40720900417033,37.60990760028094,125.983481497457,2.500699477823935,2.4366397249875766
20.1678761595714,30.35311354940239,312.8121757038925,2.219042758085553,2.2267069397449766
15.60326678255965,37.45733782731232,286.3012455887306,2.264983746444099,2.142003670477036
23.41110589061807,32.02480560165237,416.5823580173473,1.948815159765333,2.5878084940954325
28.35917536922537,39.5807348011938,453.137443180149,3.803990782769231,3.0962160812725905
28.13921282266941,33.67940751302085,7.066228967216017,3.097125080678321,2.8937393472837663
16.2709842851033,33.26931616338079,337.3359396103376,1.950336674629198,2.0228995714486078
7.830951146018881,31.48888050332445,26.86606376074478,1.542877767542489,1.3468085914701506
29.62102997405836,33.05604215490215,274.8804738736006,3.107712073628718,2.9901464195374547
25.97245216114835,38.76650761828201,144.5287317927954,3.044759103383963,2.9230620226477555
8.116567030081672,39.96334337627248,154.0815231615485,2.042177561242125,1.6288153041412572
28.02104706543431,33.68309530506848,177.1262932227259,2.8830511641314,2.8934225488562455
26.74740905155321,34.48610630954543,311.0249320757554,2.947371038967647,2.8470013622362202
17.9709514281518,37.22070938202737,167.6909328687158,2.255715388499791,2.3369487541940726
19.78188589362323,38.86195780465074,366.6168262445499,2.91466217453414,2.5419069626413435
14.97506759675326,35.93044334186784,202.859165401361,2.015646198853532,1.9860799330705179
6.369040970550783,33.91525698177829,35.10824695466935,0.520280402653788,1.3312319196163402
13.37993104114752,34.12621840848624,392.0961613995695,1.638548473478832,1.806265128313086
25.07133621495029,36.95618146496807,143.5934039717603,2.802380003943788,2.8191043206597914
5.115800575115071,30.03218263604279,216.950672920032,0.6563451493848883,1.2015018401929856
13.3374792922786,36.19589337459841,343.0364977277289,2.000660881588733,1.880482175365174
14.95421733977358,33.55493010441357,166.8956224172073,1.939924714351171,1.8932222126410314
18.43489007344807,37.94197331277084,29.23624241721109,1.780249205155573,2.382521825959612
27.99639041031901,30.92990639823132,187.586602459394,3.31695689561956,2.8124327696131712
13.65864985914903,35.8820226694839,472.2798427644574,2.029723631748453,1.896518245477715
13.67383004740569,34.80972889886124,321.2254642519806,2.241688733265933,1.852504522297175
23.43753120274371,36.42325525905228,336.0680951849363,3.024056366184793,2.7190526206339705
16.30544852224518,30.64853594482968,316.5087946651823,2.209469871297462,1.9320922840459689
10.61512057349955,35.79983787428131,100.297077340759,1.599463020347577,1.6521596676227552
16.31098790331733,35.61484587959524,209.7485981870378,2.478430047443978,2.1032577751736548
8.521425509494996,35.60660094416171,375.7189593832958,1.534854205832706,1.5400614802356725
9.409674662655583,36.03487666596455,51.58507587902641,1.296976200748567,1.5913986569696164
17.45919431848699,36.76467937226362,139.6485352687664,2.893555021408467,2.274583978484003
15.4731362376137,38.0498899968077,138.883235124461,2.343807815026092,2.138237480587168
27.8711475267025,32.69820720128214,216.5774448696585,3.26028409864865,2.85751112584868
14.05984747791583,38.25049410180062,490.2040017301504,1.738567065963327,2.030342181835636
19.51470875695109,34.98255682263454,34.68377079522715,1.889295254163527,2.318388535182788
20.80660719798826,30.77058279134331,259.8317961959169,2.394767339284646,2.3174203715628576
5.327361414708341,30.58550929243979,90.50297632409301,0.7087663907634821,1.2110688826925262
21.58843430041777,33.34238318696061,485.3675961594623,2.442256555145183,2.4864448812031243
9.450899171743785,37.84896977111467,57.53844885900464,1.466449377221371,1.6437633891271888
29.02675793673638,37.07680934740916,202.396900178434,3.892149726724531,3.0562373868521333
8.716568193827824,37.88614964672406,369.2046074324685,1.717034284978449,1.6201777386267817
15.36560309317559,35.17269056441609,352.5726595856952,1.687025551583529,2.004254620621984
7.133741701966096,34.40198997955491,211.9415898100722,1.063838753114648,1.4211951229710056
29.92185629614868,31.47452526706284,173.9155598084064,2.969226665794585,2.9478128086238833
17.55487525828106,33.28192753609311,199.4085768978824,1.960825153337275,2.1220608269910453
19.88462543300109,34.34019366173875,132.873855316161,2.205671391534374,2.3210287805391205
6.676911934710687,30.88600429679617,103.4611364146931,0.678275238915162,1.2626178080046653
23.74901175997945,32.20611952711212,242.0368090818861,2.287531882480614,2.6085508978484095
10.24763982738964,35.98225294063739,134.9983442777361,1.410926334632384,1.6476556893741694
27.45135723601785,37.3566311423919,144.4433707837278,3.07485361223719,2.9782143019188574
10.12849101205018,39.9834751139295,328.721275673804,0.8553958249158534,1.7680883366360438
9.767193016591664,39.33113331343558,484.3001285182462,2.359164576118706,1.7399934748956307
5.913741696202372,36.42565199535191,302.2149630791282,1.448242084370537,1.4004240081698456
16.80167362774998,34.21248053294072,39.41275406541817,1.855454486155384,2.070818962872053
19.12102833156541,36.36177364708233,38.71622331317942,2.313042279267566,2.3634735456388114
6.64271598570881,37.85651618080232,475.7601872019374,1.001328134194837,1.5122338151656536
24.38819041737526,31.18336190923387,149.3481043633595,3.139224989902298,2.6137303503859837
16.33222086870069,34.09904889696288,46.94142605515524,2.488678790355863,2.030450422059163
18.1097567331895,38.39802285635617,299.9232489880404,2.485693496282875,2.3955781654467496
16.01906867345571,33.83832951933044,312.2007403668428,2.314829843929257,2.019419830012878
15.01907652188315,35.71872271227186,324.6039052392254,2.060578711279837,1.990115960109475
18.99100828270545,35.87769360862198,134.4336119009131,1.917031620167461,2.348373574065333
8.881006148267812,31.84476253133639,8.540231423023041,0.9189087835941544,1.430047552411249
9.548203262381778,33.62235441652288,482.5426693577814,1.474634708952939,1.5507383921947122
26.54464052533793,33.34511288741932,126.1956297998601,2.806300133359795,2.7859334670729403
28.65288655334082,30.26196708532065,338.3371177382212,3.039806522416854,2.8394811133400637
14.33273290699382,30.24191763891355,353.6083050694761,1.652600395105203,1.746131893196492
11.76861682858884,38.31697043675774,305.3937011226633,1.778990443076604,1.8358549202888117
21.0999885809754,32.73070809972813,157.1407897126105,2.398629142267636,2.387164984112721
15.21835427745241,35.18078766238816,136.2770306282688,1.588678743437942,1.9726802810386008
5.634658891508622,32.98725573588773,299.2364730686489,0.7051890049193313,1.2975298841375449
8.90381493415476,39.40679245115341,433.1817211722341,1.249783634027412,1.6730591426852388
22.89930572118494,32.59296758865774,473.4201307327744,3.007480619001767,2.5642940974938795
21.47309854775379,34.29656812738935,53.84699639747506,1.815214613969625,2.4690137937325285
5.677399812587087,38.72730250484602,78.2594776862622,1.447158885517358,1.4440978577622445
10.54930404832374,38.41933566791809,472.4233931327568,2.185860641151649,1.7468473372071198
10.77686991470178,31.86101417846277,368.5310789390615,1.322196000946201,1.5632789474806839
21.79731858996821,38.0264330979571,441.6139185900568,2.078766284019655,2.6695538593662858
5.492763443859104,34.58186886737893,102.1136844335362,0.7788803985595772,1.3295918713431922
7.602714549614346,34.82968872085355,294.2053496835915,1.187450254637402,1.4633828198503327
24.99790213432973,31.33479972415944,350.8686576143194,2.49663199964757,2.6747466148787873
9.46361655135834,30.80601513757125,340.3758308380393,1.060131746469083,1.459873830303826
21.31865269629687,37.27939306973765,204.6676937424824,3.115074266824955,2.594686695853888
10.95456952616816,34.964611523553,8.68205095396293,1.605353640140109,1.6460149209999255
7.486034818983629,34.3685070261518,291.8801023453273,0.8934465872433258,1.4424134288950234
11.07930477498635,37.29508228652396,127.2976680506248,1.114900612149656,1.7417035556819058
23.05667329639148,37.6551289899111,225.6768688253023,2.761003955442562,2.7123978826128643
26.39241170265714,31.58908167669354,478.8329265268248,2.951921620736813,2.753555989212232
25.75549661417479,36.10225149477641,200.1186235035749,3.187428241295222,2.8302608834578606
14.92958824046137,31.35354082277686,420.0610017255489,1.667918289455596,1.8341479964084657
21.70212841426616,37.51375086029046,95.08176226887632,2.804738075362274,2.6200313486761626
10.12460738539552,36.56955156267139,336.5577885144894,2.147610360126575,1.6684195898242378
12.32869325652533,39.56614621083458,488.5264702650328,2.257937115238197,1.930210710814123
27.40839546302799,30.68958016356421,51.84465733559546,2.844661268127716,2.766465860001246
5.325048087768401,30.57054721151254,5.151651171368814,0.5665097908003028,1.2090352366670172
7.137713271361702,32.821870746932,217.3578135236746,0.9143887681687856,1.3658689061540576
10.19715637865068,32.61705683735906,47.22011604263223,1.58621774866812,1.5456146117014669
5.663305096845493,32.46978799072,374.4437904884394,0.7466947078575176,1.2949931256039402
9.535885877244933,39.06254580521036,457.3597832604309,1.706809519493361,1.697908796549563
19.57603902424231,32.49546199849506,217.5764653816707,2.264371542782284,2.2375256831738497
15.53561376481245,32.71949726128631,130.097109435565,1.661896473598023,1.9374946109374978
27.31679277692437,37.59398262417964,217.7672561842983,2.866369309806478,2.9790902445708647
25.43608904346102,34.4973984245054,362.0004611071505,3.104218344388388,2.7763748351668167
13.5454337924469,37.76710556955181,5.518026628605118,1.785203416658107,1.9283345640710439
11.48558583578231,30.65366157564385,295.1375407528639,1.536729510745967,1.579808704867391
14.49231020418167,34.87571193673384,307.0325507588021,1.74429973788065,1.9168801831646995
19.75737356287019,30.33613600183283,319.2064352010718,2.57624070080125,2.1934630214000936
11.70159102057191,30.62653203455355,121.7690179104577,1.057185015554683,1.5812042019454966
20.60372269622835,39.06437453344411,357.3123089656852,3.26370617316139,2.6199823825594204
15.23529130478101,31.39245371117595,46.60435167955643,1.150009976106338,1.8196980490147368
18.80117952129951,35.32420682275217,100.4358978969336,2.384824198761233,2.2888155612921195
15.90316322838292,34.11095602600707,438.8575532805865,2.215769042715064,2.034202720908182
12.36164398854794,33.47343326258843,369.6228522125566,1.413827304886369,1.7157246480820103
28.71133267405392,38.99833345687273,7.859031451661281,3.510144574511302,3.0697808516524208
24.09014485399402,30.21823396775489,124.9397539245303,2.924098598855599,2.5594682835255784
8.502829394161314,36.63789686175589,107.9888350135891,0.62897348538264,1.5649951636452695
26.71169939744782,39.63394434213551,136.1323576904493,3.429603715122166,2.989132998806671
17.18577995623784,35.60168183461842,124.5323253696633,1.370793941118653,2.17560075834356
27.36380567235229,39.36822462033092,32.20062157568002,2.989039605160791,3.020673865097981
24.99638139868288,30.52257879286024,230.0113177818133,3.18736958505063,2.64700399751637
15.63033761173084,34.18793319074162,366.6340039182964,1.839059749829835,2.0187987650826957
5.561732708002935,32.60157790962051,303.7591306340008,0.5438146794537667,1.2917022908302043
11.71693398462365,37.3082096498073,336.7629626304418,1.703950980750686,1.7952631357724138
18.54085536652167,39.81297090497247,41.49344008958334,3.043699640572788,2.445671763364571
20.83695549565368,32.56530062444248,475.7938643782168,1.958199775992932,2.4016744693995022
11.44719213583006,36.54174601474075,419.4074250876694,1.423964190550214,1.7581614070087213
8.483901851820603,31.9809763275974,402.7400689293357,1.655885478158625,1.435290383159147
25.87325591998248,35.6533025457161,411.668918715842,3.690982818881432,2.837771765110034
29.6100545175888,34.63932486688336,466.4225435582479,3.453000536773227,3.028320810937416
18.14225455756715,39.72005329631537,272.5827290907351,2.122650611537997,2.432446003678096
9.291982146207587,36.08527272696467,100.9407269159453,1.970532202147852,1.5907394647021451
11.80768316298422,33.49506372086819,308.7750203184181,2.046088667203939,1.6731531206995929
5.459766913686669,31.14095784887934,371.6978653403016,1.050404549989594,1.258808689887795
27.85747016401248,31.51246828734935,369.2207792836587,2.860107052907457,2.827074205415487
7.943777072253528,32.25316929951235,261.2030630592732,1.080775838657336,1.4067983458431372
19.41291188785634,32.50966661340298,35.16090094745545,2.094093882794201,2.215272709881246
11.85138051718015,38.50616057841138,186.1853562766338,1.860641087339714,1.8414259874511758
18.85445006289483,35.61222788282525,460.4625376232153,2.889435037859894,2.347473703072367
21.28550970879661,35.23390911374366,292.6400059689556,2.858238479070682,2.5208820393710263
25.74354509268004,31.14768871869217,269.627639684601,2.501186879127625,2.698101728624755
10.16053179401508,38.60139693349435,135.1579036767146,1.984497850098583,1.7181602143667838
5.274895716462012,37.22814303208484,184.8560110383729,1.133111307951715,1.3768242780146167
8.422140751720182,30.67668361900002,447.7776984874315,1.363903781301549,1.4023801750319131
27.50046604620263,37.07835097229768,333.565060715891,3.768555878554812,2.9864095640936057
26.84725193906288,35.43538217342646,393.9061263494141,2.877820228076393,2.8849230261070224
19.93532755425771,30.81725345746778,227.7183661107599,2.19535387492074,2.2156101000438024
20.01292151084133,34.58300641528656,315.4933625086228,2.286599724873148,2.363710876183748
21.62591686365639,34.84696287130047,124.9434207628606,2.054900649880595,2.5122645028014703
9.38428196558624,31.65774540163276,353.0249543114596,1.359687874255607,1.4769928915531783
27.86029864812399,39.45698147000282,214.3730655179653,4.177379373724989,3.0690272574792186
15.46926312230183,38.49975371480662,221.8302118925581,1.588652717743207,2.1563579117344673
14.57846320623744,36.69022337329108,325.011839963864,2.003026163133528,1.9876991958847736
17.97294263207094,34.62295561000607,468.2040301129944,2.512553876464466,2.229458753089885
6.174149169376376,34.11765541584509,32.93916695770184,0.934537668883736,1.331015319925448
9.157084218901986,36.50973467150954,412.5468754361568,1.471377114607171,1.6141429479668024
23.45084041065926,35.45431869406905,146.8991720956844,2.359331589961613,2.680226251485051
7.069966698128161,30.62273105881886,222.5158077986825,0.9770740867132884,1.2850519658204675
20.0788027366597,35.12502648770332,11.93475105872947,2.100916717653862,2.382182181915072
11.13372774203302,38.06403617232839,151.2219928393222,0.9930560049239564,1.777726814053472
14.73239035104941,34.59239877596958,251.8129900724351,2.244990072271897,1.931610463876875
12.2173434192675,30.51956577554268,29.03186259637207,1.607591245132821,1.610123844801094
13.89181791162373,37.86278199384033,246.0567689621994,1.978694505568952,1.9917315691522621
22.97614762960614,32.01363782135974,463.6282038003552,2.756680099568629,2.5529787406690123
12.42804289057938,32.58620834888039,53.59121583579481,1.779052655412662,1.672852127888102
19.16011600742243,31.64706353432296,382.4559233096767,2.314741573324794,2.18881098566729
16.90126005497749,33.30215064871498,205.4258556346203,2.286998669357341,2.0570770903910987
21.5917791340662,37.56751505688635,327.9316835476447,2.670121784940744,2.630448608780483
28.42074348311895,35.19385859503937,130.8580623946295,3.618638368011502,2.967685278517539
23.31430243025626,32.04881274150713,80.58663900813778,2.628246854562996,2.5571325284688826
10.37350946476892,38.77830078152041,81.070844521342,1.632863928073485,1.726796728899228
5.779578376532116,38.79581854951529,36.17548087592918,0.7126651161314704,1.4490744504265116
11.55660110749563,38.70578425046007,93.63770574572027,1.781701869614078,1.8320902266978318
19.87694826750637,32.38796211381539,332.4454731094951,2.081576130925958,2.273347035733487
6.285645337106258,34.51239344180988,440.9636153099105,0.9410281326756657,1.3793641381965263
17.40915618003091,39.84989656140876,407.2487171099897,2.250269053311826,2.390504760693609
19.92107122292223,37.7201247630999,342.8820206273676,2.287530828369274,2.507315690494363
13.35609727042402,30.2716742122556,56.10549984214023,2.07252454565948,1.6598677270580706
24.27280509364555,30.65204591260492,145.304535701679,2.989783728620301,2.5852314793550932
7.664956328344295,34.63931376812333,155.593630785912,1.71021532445497,1.4527118506804353
6.878444543395219,39.0922020586156,125.728516252413,0.8962972467079781,1.539223198908161
23.20471890509008,35.38701797952714,257.9878241951519,2.798039763734348,2.664845566402127
17.38728290515496,34.97812508034291,268.2413536249566,1.79154987096203,2.1872440395309396
22.2100599106934,31.05473699956631,179.086101610384,2.212424365871868,2.4216141605728696
15.87068346509366,36.56780104724294,177.5407902094816,1.78663763612942,2.109409151670705
11.16005083097767,38.22103160600226,414.4492433551346,2.164003424186054,1.7996286739653524
25.47755794185499,33.80420007507562,394.8571313115231,2.874372397342654,2.7643772913022673
24.98539697422448,37.75611850925328,154.5901200086921,3.342001420175802,2.8299933782315825
22.36741177136067,39.64476653900812,456.9804334927564,3.186552924887546,2.739867397868536
11.80362843074907,32.03766459127689,476.4546934842505,2.269411982190453,1.6460642878927796
19.75576667172718,35.23329631194741,164.0445284729904,1.933277417242806,2.359895220897736
14.02434742350067,32.87137958084575,177.8580494477344,2.070549655230401,1.8046128694545092
7.289551833165854,37.92854419033839,253.3114425575575,1.653817312410642,1.5381285110492715
27.93283938655607,35.77593365881157,470.6192854543031,3.083223550093366,2.9815988410441503
8.420465772974035,36.34582417550304,438.2833971380135,1.738466422761649,1.5682913003109864
28.75593384552006,37.97914159615894,52.18141332921131,3.459331597110567,3.054819489038815
16.15014432394889,33.95970472662455,196.9726408924367,1.901090048364452,2.025521601187939
9.628323220965491,39.15090068407044,277.1322236851361,1.369609759229178,1.701370809846366
18.54752368445895,35.3302886724614,252.0631038032185,2.089412455713958,2.28566204833673
26.82364589691021,31.57954822835348,97.73767090050944,3.483001402472866,2.76122869539644
23.30562216023903,36.95899118168803,429.5495688129092,2.951338342380143,2.731038575421531
25.16402869653624,37.93261350438254,338.7934507154218,3.374916207868039,2.8671870939375346
21.46958416776793,33.16761677067527,419.11627905105,2.335474517513956,2.4642380550017084
22.30691411294631,38.57179256998753,429.5233753953866,2.697933780803349,2.7107008353907207
26.22989128913298,39.06143254765766,374.4295709792041,3.645717921738905,2.956531935622477
11.24170022147965,32.76904487377809,220.1660900236089,1.025679384561353,1.6252860832235692
17.23562409107851,39.83521472715222,305.6628307526968,2.301437367648369,2.366947006166698
10.53023604549006,31.40711528048758,81.02233765375183,1.23194569790007,1.5266294918783696
29.69170019991617,32.0201566840249,337.1490633199789,3.330011103583007,2.966114379009689
28.60148349216533,31.84224839238026,90.44737461390109,3.00160340781579,2.8701180986593453
5.985670284212647,38.9398971000787,347.2808456645682,1.3957951777644,1.4896066070102119
22.63937931289221,36.54292552324962,115.5694822162304,2.9145726124833,2.6605570455797367
28.13120793539165,31.52104283222273,59.65809877495977,3.19724018535372,2.8228158655787823
9.514383628183339,34.40323418368349,83.47696058133576,0.9754443468709674,1.5520063266564537
19.19863076381574,36.15298025069802,1.994075474316064,2.201109534453133,2.3576037845714892
27.88720743970105,30.83464084989383,359.6510693089116,3.426554116860473,2.8130589924074165
5.848649464644971,38.82416368407338,366.4681234801312,1.535548285858533,1.477295271901405
22.435506681171,38.03603535441535,257.9517416067164,2.420317408375046,2.689420016267603
12.43372518431377,35.05206773576639,81.52003772663646,1.700026831366814,1.7528056798718197
28.10990488441326,39.67126615259171,42.69361441783418,2.780279965645525,3.0672288756954713
29.27645612913419,34.177609792751,10.54535425220622,3.213726187473323,2.976005840563955
28.60666222783585,39.84110319036498,83.70834030564514,4.021752594656588,3.086153368385702
16.85535541643659,36.67919998803627,445.5369119565902,2.015743119021212,2.200390449880382
26.55106627473284,36.34671273253942,121.5268840091392,2.840755729635489,2.886944413634725
26.11373496337676,31.65954895295785,177.7813922813906,3.070297511776261,2.728850709059694
12.97751183108139,38.81927758304644,53.56739675618526,1.3605052432538,1.9340683620991737
25.72288685376693,34.27489687920615,111.958291069337,2.710033103084298,2.767662992687122
5.925190867887316,31.62233405782479,260.0930608193224,1.040461598542297,1.2763327754648497
19.90674696205133,30.12607519975759,304.2685888647306,2.016673933496696,2.193561930223876
10.75022093219258,35.59755683638382,123.4308047689393,1.403671278437766,1.6501398427638971
8.01417214443197,35.27399622122677,29.80834745333349,1.361123849503852,1.4863989838150833
6.923830040730229,37.19353622369159,196.1254016945719,1.334433278343996,1.4864386979050515
22.40721939695349,38.90258053017802,117.8674820922407,2.88267716331713,2.699778830939488
13.49687409420165,30.7940658464303,110.5574076916712,1.400779658984644,1.678223158789726
23.11916928821904,37.31496490340362,479.9715385540142,3.086516215027918,2.7267623467703914
6.633908519973559,31.87411944097582,308.5339424769363,0.932090928432827,1.3083115822191134
12.88225844576526,38.58177053157164,278.8823431428759,2.05194416288242,1.936456602788623
18.48728230938343,38.19063513861656,208.4717766581376,2.271263205840985,2.40265233886435
24.76807912097409,35.40793754985545,215.043222381642,2.857802645645279,2.7626522844797385
12.96881257330175,37.10242798623312,270.9115969152023,1.548318054511967,1.8830411698137006
20.64728441092523,33.14350113183748,348.5184737110175,2.443507388716174,2.405350803140405
27.14944370590468,34.71167898932815,351.3709019947329,2.940760449143728,2.88372212322099
20.39657970455762,38.21636897710471,86.67525994501933,2.217447051413048,2.5559363038251184
10.82398686884084,34.59265197173214,250.5562632862369,1.572754698648566,1.6449633526860143
5.61001953891345,33.57798265325442,206.5670894220169,0.9648535012005114,1.306014859680797
26.75247184752325,34.942124472503,435.3929561684227,3.432758944124397,2.869155212458381
5.531735271259678,38.28249252437219,316.0780416879698,1.053846440494172,1.4392830749321304
26.86754181710499,33.35208047370872,266.7195291415749,3.167980761195889,2.8179527531355153
18.2234283506803,31.73761593135744,58.58192644727977,2.16160080371978,2.1052480327194965
28.47669246282241,37.12014020330781,303.2133067723823,3.54656198936144,3.0469071583503613
24.96958089434164,38.25978212708082,59.48474893443647,2.74984040259292,2.8387868209322815
29.94835276333344,31.00637478523533,169.2660812073103,3.232443038058261,2.9358583740151736
13.76779538629275,32.39874112755945,72.2781404423516,1.699944691222961,1.7626654822500558
24.17970722327817,31.41971989760994,346.3447498651601,2.722129569391416,2.6108949529486782
15.04827284023105,33.47941411582167,103.9198048042401,1.162661531883123,1.8907705893660822
16.99689050759772,34.50350978905413,196.537827220825,2.129127278193074,2.1008361891184633
20.68763658045925,37.48826336963307,447.9417140317706,3.388753932540777,2.582689338630668
26.84192785465847,36.51147584881674,102.9538753160862,3.011078672115771,2.9043352299844085
29.60208672998238,36.20928567478431,254.3947269154308,3.237294128016712,3.045572580382194
24.20683534661296,33.52374946609655,210.216558921845,2.871830792518604,2.663042811794769
15.44416955418334,38.4144755308476,10.04389648181914,2.121723080519734,2.1393441209302972
15.53392505692675,34.71287167398165,396.5862986728336,2.402996725531239,2.0270095650809234
23.43955753972229,39.79104938015155,35.45390725098526,2.531721667010772,2.7815552262445897
10.96942864420756,36.34142138295737,237.6532554674999,1.810101574253011,1.6970405897701726
7.761852828284867,31.26264741564503,280.778469174536,1.214680443751585,1.3574124558472764
13.86555394101941,36.76177562075434,314.584801850679,1.897139552160974,1.9519760149067606
12.18097479135204,33.25104015431699,344.6271830246299,1.712416210918015,1.69394687377191
12.40770301139975,36.86327196686098,127.3829193778348,2.014309540829588,1.8132116623635666
10.84019377624775,30.69641148162406,5.979409552566237,1.441371207668935,1.5222993074919187
6.052329740909047,31.74881437175959,361.9983875151011,0.5886140299924553,1.287225749229308
5.446848368335345,38.55737258905786,268.2926430744417,1.410594181028433,1.4381279704552117
29.69305974340079,32.27179557023515,418.2227339004172,3.330447475470429,2.9835607202863117
15.69432834339656,38.3704112524294,410.8727930874464,2.273098960087643,2.192092039731384
14.60816617899204,32.7927608845441,421.8197577261537,1.891170575468134,1.8539437289464207
21.99118206732675,36.42881910058708,243.0622353297905,2.654864319965586,2.60394629980137
10.4563471966266,36.94150573509831,167.480569522596,1.891809477489133,1.6875490694234216
28.74902959875563,35.12654753145053,395.9875430930936,3.361955657218012,3.0025634074901615
24.6586253603888,33.05310676696731,226.1957624015982,2.453598854251234,2.698005336009082
7.235275057806488,32.12644376371096,92.53765600531382,0.8159065023560744,1.339774028087809
15.43951939462321,30.33189354562426,427.6320357611757,1.885817986845403,1.8614454981770427
26.97795768905412,33.03946401240724,441.3973785094013,3.49707903124773,2.8267258034948965
28.61830055728526,36.53162790531283,233.6885683139449,3.544031077813928,3.0286493224237376
16.68503778124674,39.38304818448483,38.77416392758395,1.959729622866734,2.2561951222979855
20.33528473026769,38.71204482263052,194.5252188685487,3.369797235774377,2.5782323986431073
9.17584865230188,37.66064776535303,401.9652920718391,1.638879430005292,1.6472668281929341
29.77921565342441,37.88447343253299,450.9852402445681,4.038102015669219,3.100195518113884
10.79179253458608,36.64984903475995,102.5328985063003,1.475270761554727,1.688697959973413
28.56829435337814,32.60286857566003,34.41983240061049,3.222037490910895,2.887156000929803
21.24116622480921,39.0719503070583,438.7978761132865,3.106800564424141,2.671438027798978
20.19341987197148,36.70732311905834,195.3130645504588,2.87567002612971,2.482644986861684
17.81721277541271,35.6044063098044,271.3387211695141,2.572668382407855,2.244231263619055
10.76674529294397,31.10989469213481,484.0648402133287,1.693707721207834,1.5532219328607813
9.413200800137707,34.47055543806425,34.2157992291972,1.145276669351489,1.5480717738190097
10.51215522675438,34.60358271201926,324.5106857185957,1.32997312572702,1.632510525074786
9.660956553606363,38.6456360952267,37.97860586485867,1.574995953329799,1.6776443360926532
24.48961183916883,35.46648220187788,188.3589953047837,3.154250150543629,2.7462020770329354
13.75313147916825,33.8040054897041,402.1034580515299,1.757595878372953,1.8270609310910577
